guid,orderingpn,manufacturerpartnumber,status,stock,title,vendor,ebayid,bigcommercelistingid,amznasin,cost,price,amznprice,bigcommerceprice
SD10738,10-080,10-080,disable,140,SBT Strap 1 x 6 Pair Ratchet Tie Down - Vinyl coated hooks 10-080,SBT,0,45239.0,B009PPBTA6,10.9,18.2,18.2,18.2
SD16113,10-140-03,10-140-03,disable,140,SBT Replacement Race for Trailer Hub Bearings 10-140-03,SBT,0,45295.0,,1.9,7.3,7.3,7.3
SD14017,10-141,10-141,publish,139,SBT 4- Bolt Galvanized  Hub Kit 1-1/ 16 bearing size 10-141,SBT,0,45285.0,B009PPBUKK,21.65,36.15,36.15,36.15
SD14054,10-150,10-150,publish,138,"SBT 5 Bolt Galvanized Hub Kit  1"" Bearing Size 10-150",SBT,0,45286.0,B009PPBVHW,21.65,36.15,36.15,36.15
SD13538,10-220H,10-220H,disable,139,"SBT Trailer Coupler 3500lb 2"" Ball X 2"" Channel 10-220H",SBT,0,45272.0,B009PPBWIK,12.8,21.4,21.4,21.4
SD13579,10-230H,10-230H,disable,138,"SBT Trailer Coupler 3500lb 2 Ball - 2"" Ball / 3"" Channel 10-230H",SBT,0,45274.0,B009PPBZIM,13.5,22.5,22.5,22.5
SD17048,10-530,10-530,disable,0,Trailer Jack Easy Lift - 2 ton capacity Vehicles wheels from 8-16 SBT 10-530,SBT,0,45300.0,B009PPC0JA,29.95,45.05,45.05,45.05
SD17097,10-580,10-580,disable,138,SBT Trailer Bunk Padding 8x12 weather resistant Poly Pro marine carpet 10-580,SBT,0,45301.0,B009PPC39W,12.8,21.4,21.4,21.4
SD11285,108BT100,108BT100,disable,0,SBT Sea-Doo Custom Seat Cover XP /SP /SPX Vinyl Replacement PWC,SBT,0,39531.0,,73.45,104.95,104.95,104.95
SD9038,108BT103,108BT103,disable,0,SBT Sea-Doo Custom Seat Cover Touring GT /GTX /GTS /GTI 90-00 PWC,SBT,0,39321.0,,116.85,166.95,166.95,166.95
SD10750,108BT110,108BT110,disable,0,SBT Sea-Doo Custom Seat Cover  GS /GSI /GSX /GSX Ltd /GSX RFI Vinyl Replacement,SBT,0,39488.0,,92.35,131.95,131.95,131.95
SD14154,108BT112,108BT112,disable,45,SBT Sea-Doo Custom Cut Seat Cover Jet Ski 2000-03 LRV /LRV DI,SBT,0,39676.0,,286.95,409.95,409.95,409.95
SD20247,108BT116,108BT116,disable,0,SBT Sea-Doo Custom Seat Cover GTX Ltd BVIC/GTX Ltd 215/GTX 155 255 215 Jet Ski,SBT,0,39748.0,,145.55,207.95,207.95,207.95
SD18174,108BT401,108BT401,disable,0,SBT Yamaha Custom Seat Cover SUV 1999-04 Jet Ski,SBT,0,41111.0,,128.75,183.95,183.95,183.95
SD18856,108BT404,108BT404,publish,50,SBT Yamaha Custom Color Seat Cover 96-97 Wave Blaster II 760 Jet Ski,SBT,0,41157.0,,88.84999999999998,126.95,126.95,126.95
SD18409,108BT413,108BT413,disable,0,SBT Yamaha Custom Seat Cover XL 1200 LTD /XL 800 1999-01 Jet Ski,SBT,0,41132.0,,128.75,183.95,183.95,183.95
SD18151,108BT414,108BT414,disable,0,SBT Yamaha Custom Seat Cover XL 1200 /XLT1200 800 /XL 800 Jet Ski,SBT,0,41109.0,,136.45,194.95,194.95,194.95
SD18769,108BT415,108BT415,disable,0,SBT Yamaha Custom Color Seat Cover GP 1200/Wave Runner 760/GP 800 760 PWC,SBT,0,41140.0,,111.95,159.95,159.95,159.95
SD18781,108BT416,108BT416,disable,0,SBT Yamaha Custom Cut Seat Cover GP 1200 R/GP 1200 800 Jet Ski,SBT,0,41144.0,,111.95,159.95,159.95,159.95
SD18796,108BT417,108BT417,disable,0,Yamaha Custom Cut Seat Cover GP 800 1300R 800R  Jet Ski 2001 2002-08 SBT,SBT,0,41147.0,,107.75,153.95,153.95,153.95
SD17989,108BT418,108BT418,disable,0,SBT Yamaha Custom Seat Cover FX 140 /FX 3 Pass /FX /FX HO Jet Ski,SBT,0,41099.0,,156.05,222.95,222.95,222.95
SD19565,108BT419,108BT419,disable,0,SBT Yamaha Custom Seat Cover FX SHO /FX HO 2008-11 Jet Ski,SBT,0,41173.0,,185.45,264.95,264.95,264.95
SD17295,108BT421,108BT421,disable,0,SBT Yamaha Custom Seat Cover FX Cruiser /FX Cruiser HO /FX HO Jet Ski,SBT,0,41094.0,,185.45,264.95,264.95,264.95
SD17937,108BT424,108BT424,disable,0,SBT Yamaha Custom Seat Cover FZR 2009-11 Jet Ski,SBT,0,41097.0,,164.45,234.95,234.95,234.95
SD78378,108BT425,108BT425,disable,0,Yamaha 2009-2013 FZS Custom Seat Cover 108BT425 SBT,SBT,0,83374.0,,164.45,234.95,234.95,234.95
SD78369,108BT426,108BT426,disable,0,Yamaha 2006-2009 VX Cruiser Custom Seat Cover 108BT426 SBT,SBT,0,83365.0,,199.95,286.95,286.95,286.95
SD18023,108BT427,108BT427,disable,0,SBT Yamaha Custom Seat Cover VXR 2011-13 Jet Ski,SBT,0,41102.0,,144.85,206.95,206.95,206.95
SD18116,108BT428,108BT428,disable,0,Yamaha Vinyl Elite Custom Seat Cover VX Deluxe/VX Sport/VXS Custom SBT 108BT428,SBT,0,41106.0,,152.55,217.95,217.95,217.95
SD16908,108BT429,108BT429,disable,0,SBT Yamaha Custom Seat Cover VX Cruiser 2010-12 PWC,SBT,0,41090.0,,199.95,286.95,286.95,286.95
SD78380,108BT430,108BT430,disable,0,Yamaha FX HO/ FX SHO 2012-2016 Custom Seat Cover 108BT430 SBT,SBT,0,83376.0,,181.95,259.95,259.95,259.95
SD78381,108BT433,108BT433,disable,0,Yamaha VX Cruiser Limited / Cruiser HO 2015 2016 Custom Seat Cover 108BT433 SBT,SBT,0,83377.0,,199.95,286.95,286.95,286.95
SD78382,108BT434,108BT434,disable,0,Yamaha VXR 2015-2016 Custom Seat Cover 108BT434 SBT,SBT,0,83378.0,,185.45,264.95,264.95,264.95
SD78383,108BT435,108BT435,disable,0,Yamaha VXS/ VXS Deluxe 2015 2016 Custom Seat Cover 108BT435 SBT,SBT,0,83379.0,,174.95,251.06,239.1,239.1
SD78379,108BT436,108BT436,disable,0,"Yamaha FX Cruiser HO, SHO, SVHO 2014-2017 Custom Seat Cover BlackTip 108BT436 SBT",SBT,0,83375.0,,205.95,294.95,294.95,294.95
SD00010185,111WS205,111WS205,disable,0,Kawasaki 800 SX R 2003-11 Jetski PWC Storage Cover 111WS205 WCSS,SBT,0,109360.0,,106.85,138.95,138.95,138.95
SD5023,12-216,12-216,disable,139,SBT Sea-Doo Flush Kit Rear Drain Models 96-08 PWC 12-216,SBT,0,35930.0,,10.4,17.35,17.35,17.35
SD5073,12-220,12-220,disable,140,SBT Kawasaki Flush Kit 1989-1991 Jet Ski PWC 12-220,SBT,0,35942.0,,10.7,17.9,17.9,17.9
SD13483,12-501-30,12-501-30,disable,140,"SBT 6"" Caster Shop Cart Replacement Swivel (Non Brake) 12-501-30",SBT,0,37959.0,B00CO5PS92,15.25,24.96,24.96,24.96
SD00003601,130BE302,130BE302,publish,29,"Polaris SLXH, SLH & SLX Elite Traction Mats Foot Pad Jet Ski BlackTip",SBT,0,103026.0,,139.25,202.96,227.42,202.96
SD10197,130BE807,130BE807,disable,28,SBT Sea-Doo Jet Boat Elite Mat Kit  98-99 Speedster 130BE807 Custom BlackTip,SBT Jet Boat,0,39414.0,,489.25,698.95,698.95,698.95
SD78460,130BT019,130BT019,disable,10,"BlackTip traction Mat Carpet/Pad/Footwell 39""x78"" Sheet BLACK MARBLE Boat SBT",SBT Mat Sheet,0,83456.0,,50.35,76.25,74.73,71.95
SD78463,130BT023,130BT023,disable,0,"SBT BlackTip traction Mat Sheet BLACK DIAMOND Carpet/Pad/Footwell Boat 39""x78""",SBT Mat Sheet,0,83459.0,,50.35,76.25,68.95,71.95
SD18136,137BT300,137BT300,disable,0,SBT Polaris Handlebar Cover SL 750 650 700/SL 650 STD  93-98 BlackTip 137BT300,SBT,0,38464.0,B00TIRQX48,27.95,39.95,39.95,39.95
SD29797,15-205,15-205,disable,0,SBT Kawasaki Regulator /Rectifier 750 SX /SXI /SXI Pro/800 SX-R 21066-3709,SBT,0,38250.0,B01AIJIY32,72.4,120.7,120.7,120.7
SD20251,16-203,16-203,disable,0,SBT Kawasaki CDI Box SX X2 TS SC 21119-3726 Jet Ski 1987-95 16-203,SBT,0,38193.0,B00KI35E14,139.75,232.95,232.95,232.95
SD00005086,16-302,16-302,disable,50,CDI Ignition Box Polaris Virage-Freedom 2003-04 Rep: 4010803 4010568 16-302,Vendor N. R. SBT,0,104440.0,B07CK9LT38,196.75,327.95,327.95,327.95
SD19519,16-305K,16-305K,disable,1,SBT Polaris CDI Ignition Update Kit SL 900 SLTX SL 1050 SLX 1996-98 16-305K,SBT,0,38970.0,B00KI35OX2,418.95,664.95,664.95,664.95
SD19535,16-307K,16-307K,disable,0,DISCONTINUED.  SBT Polaris CDI Ignition Update Kit SLTX  SL 1050 SLX 1998-99 16-307K,SBT,0,38973.0,B00KI35S7E,418.95,664.95,664.95,664.95
SD18837,20-101,20-101,disable,0,Sea-Doo Crankshaft  587 Yellow SP /GT /SPI /XP  1988-91 SBT 20-101,SBT,0,40662.0,,225.0,427.95,427.95,427.95
SD00011065,20-102 (NO CORE),20-102,disable,1,Sea-Doo Crankshaft 92-95 587 White GTS /GTX /SP/SPI /SPX/290886557 SBT 20-102,SBT,0,110114.0,,225.0,486.84,0.0,486.84
SD15289,20-108,20-108,disable,0,Sea-doo 951 947 GSX/Sportster LE/GTX/RX Crankshaft 290887760 SBT 20-108 Jet Ski,SBT,0,40545.0,,339.0,575.95,0.0,575.95
SD15263,20-111,20-111,disable,50,SBT Sea-Doo Crankshaft 951 947 DI GTX DI/LRV DI  290887767 Remanufactured 20-111,SBT,0,40544.0,,449.0,775.39,604.96,604.96
SD4435,20-210,20-210,publish,50,Kawasaki Crankshaft 96-04 1100/1100DI ZXI/STXDI/Ultra130 13031-3731 SBT 20-210,SBT,0,38536.0,,339.0,617.31,617.31,617.31
SD19294,20-302,20-302,disable,0,Polaris 700 SL 700 /SLT/SLT 700/Virage 96-04 Crankshaft 2202494 PWC SBT 20-302,SBT,0,39305.0,,259.0,395.0,395.0,395.0
SD19319,20-303,20-303,disable,0,Polaris Crankshaft 650 /750 /780 SL650/SLT 750 780 Jet Ski 3240184 SBT 20-303,SBT,0,39307.0,,259.0,469.45,469.45,469.45
SD20074,20-400,20-400,disable,0,SBT Yamaha Crankshaft Assembly 500 Wave Jammer/WaveRunner 6K8-11400-00-00 20-400,SBT,0,41830.0,,255.0,459.45,459.45,459.45
SD20031,20-407,20-407,disable,0,Yamaha XLT-GP1200R-1300R-XR 1800 Crankshaft NO Core 66V-11400-00-00 SBT 20407,SBT,0,41827.0,,449.0,764.73,525.0,764.73
SD27128,21-201,21-201,disable,0,SBT Kawasaki Crankshaft End Seal Kit 440 /550 JS440 /440 SX /JS550  77-95 21-201,SBT STKSB,0,38997.0,B07G1QH2XM,12.2,22.15,22.75,22.15
SD00006312,21-201,21-201,disable,0,SBT Kawasaki Crankshaft End Seal Kit 440 /550 JS440 /440 SX JS550  77- 95 21-201,SBT STKSB,0,105614.0,B07G1QH2XM,12.2,22.15,22.75,22.15
SD53070,21-301,21-301,disable,50,Polaris Crankshaft End Seal Kit 650/750/780 SL650/SL750 Jet Ski 92-97 21-301 SBT,SBT,0,56844.0,,16.05,26.75,26.75,26.75
SD1791,23-501-117,23-501-117,publish,137,SBT Tigershark Crankshaft Connecting Rod 640 Barracuda-TS-Daytona 23-501-117,SBT,0,40855.0,B0193W3UPW,67.75,112.95,112.95,112.95
SD8195,26-1203,26-1203,disable,140,SBT Kawasaki Choke Cable 650 X2  59401-3709 26-1203 1991-95,SBT,0,38251.0,B009ZCAIH4,14.3,23.9,23.9,23.9
SD8652,26-1204,26-1204,publish,135,SBT Kawasaki Choke Cable 750 SX  59401-3710 26-1204 1992-95,SBT,0,38258.0,B009ZCAI8S,11.95,19.95,19.95,19.95
SD8625,26-1209,26-1209,disable,140,SBT Kawasaki Choke Cable 2001-03 900 STX  59401-3726  26-1209,SBT,0,38253.0,B009ZCAGSK,13.65,22.8,22.8,22.8
SD8631,26-1210,26-1210,disable,140,SBT Kawasaki Choke Cable Jet Ski 1200 STX R  59401-3727  26-1210 2002-05,SBT,0,38254.0,B009ZCAGK8,13.65,22.8,22.8,22.8
SD14102,26-1429,26-1429,publish,0,SBT Yamaha Choke Cable XL 1200 Z/XLT 1200 Waverunner 3P 66V-67242-01-00  26-1429,SBT,0,41334.0,B009ZCA6GC,39.75,66.25,66.25,66.25
SD14181,26-1432,26-1432,publish,10,SBT Yamaha Choke Cable 1999-04 XL 700 F0M-U7242-00-00  26-1432,SBT,0,41345.0,B009ZCA52C,35.35,58.95,58.95,58.95
SD16266,26-2202,26-2202,disable,0,SBT Kawasaki Reverse Cable 91-95 650 SC Sport Cruiser 59406-3725 26-2202,SBT,0,38272.0,B009ZCA2I4,39.75,66.25,66.25,66.25
SD16255,26-2205,26-2205,publish,138,SBT Kawasaki Reverse Cable 97-03 1100 & 900 STX /1100 STX DI 59406-3749  26-2205,SBT,0,38268.0,B009ZCA29S,61.15,101.95,101.95,101.95
SD00010073,26-2407,26-2407,disable,0,Yamaha Jet-Ski Reverse Cable FX /3 P /Cruiser 3 P/HO F1B-6149C-02-00 26-2407,Vendor NR SBT,0,109260.0,,107.6,179.35,0.0,179.35
SD19568,26-2601,26-2601,publish,138,SBT Honda Reverse Cable 02-04 ARX 1200 N3 /ARX 1200 T3  24850-HW1-671 26-2601,SBT,0,37985.0,B009ZC9W4Y,26.95,44.95,44.95,44.95
SD20304,26-2602,26-2602,publish,140,SBT Honda Reverse Cable 03-07 ARX 1200 T 2 /ARX 1200 N2  24850-HW3-670 26-2602,SBT,0,37988.0,B009ZC9VW2,26.95,44.95,44.95,44.95
SD29333,26-3208,26-3208,publish,130,"SBT Kawasaki Steering Cable 650 X2 59406-3723 86-87 42"" Long 26-3208",SBT,0,38298.0,B009ZC9OLA,55.2,92.05,92.05,92.05
SD25331,26-3426,26-3426,disable,0,SBT Yamaha Steering Cable VX 1100 Deluxe & Sport/ VX Cruiser F1K-61481-00-00,SBT,0,41518.0,B009ZCAOJQ,135.3,225.55,225.55,225.55
SD33370,26-4210,26-4210,disable,0,SBT Kawasaki Throttle Cable 650 TS  54012-3719  26-4210 1989-90,SBT,0,38335.0,B009ZCAENC,19.85,33.15,33.15,33.15
SD32241,26-4232,26-4232,publish,138,SBT Kawasaki Throttle Cable 1100 Ultra 130 54012-3767  26-4232  2001-02,SBT,0,40475.0,B009ZCAA0Y,51.35,85.59999999999998,85.59999999999998,85.59999999999998
SD24581,27-2103,27-2103,publish,139,Sea-Doo Jet Boat Reverse/Shift Cable Explorer 94-97 277000282  SBT 27-2103,SBT,0,40152.0,B009ZCAOYG,98.55,164.3,164.3,164.3
SD24594,27-2170,27-2170,publish,80,Sea-Doo Jet Boat Reverse/Shift Cable Speedster SK  204170074  SBT 27-2170,SBT,0,40158.0,B009ZC9QXG,94.7,157.85,157.85,157.85
SD510349837,32-221-12-21,32-221-12-21,disable,0,Kawasaki Adonis Impeller 12/21 STX 12F 1100 STX DI 1100 ZXI  SBT 32-221-12-21,SBT,0,94573.0,B06Y16GYSR,129.85,184.75,204.45,179.75
SD4963,34-185,34-185,disable,0,Sea-Doo Supercharger Rebuild Kit GTX 4TEC SC-Challenger180  34-185 SBT 420881949,SBT,0,40229.0,B00KI35UOA,219.95,366.95,366.95,366.95
SD77802,35-205-20,35-205-20,disable,50,Kawasaki/Polaris Keihin Needle & Seat Replacement 2.0mm 38/40/42 SBT 35-205-20,SBT,0,82799.0,,13.1,21.85,21.85,21.85
SD17977,39-001,39-001,disable,0,Kawasaki/Sea-Doo/Yamaha/Tigershark Starter Bendix 19Tooth 13101-3708 SBT 39-001,SBT,0,38163.0,B00A2VHAQE,59.95,99.95,99.95,99.95
SD17358,39-107,39-107,publish,10,Sea-Doo XP 800/Challenger-1800/GSX/GTX/XP/SPX Starter 787cc 278001301 SBT 39-107,SBT,0,39617.0,B00A2VD3NS,71.1,118.55,118.55,118.55
SD18739,39-201,39-201,publish,10,Kawasaki Starter Motor JS 440/JS 550/440 SX  21163-3710  1977-92 SBT 39-201,SBT,0,38165.0,B00A2VD5NQ,67.75,112.95,118.5,112.95
SD17911,39-213,39-213,publish,50,Kawasaki Starter Motor STX-12F/STX-15F/UltraLX/250/300/310 21163-3721 SBT 39-213,SBT,0,38159.0,B00A2VD7O8,102.95,171.75,171.75,171.75
SD78586,39-401,39-401,disable,0,Yamaha VXR/Blaster/FX-1/Raider-XL 700 Starter Motor 6M6-81800-10-00 SBT 39-401,SBT,0,83620.0,,89.95,149.95,149.95,149.95
SD78157,40-212,40-210,disable,0,Kawasaki 1100 STX DI/Ultra 130 2000-2004 Standard Engine SBT 40-212,SBT,0,83153.0,,1495.0,1976.42,1976.42,1976.42
SD78269,40-411,40-411,disable,21,"Yamaha FX 140 HO, Cruiser HO/232 Ltd/AR-SR-SX 230 HO Engine Motor Waverunner SBT",SBT,0,83265.0,,2323.2,2882.83,2882.83,2882.83
SD00002891,40-418,40-418,disable,21,Yamaha 1.8L AR190-192-FX SHO-FZR-FZS-SX192-240 Waverunner JetbBoat Engine Motor,SBT,0,102373.0,,3359.95,4096.58,3674.95,3991.4
SD78154,40-600,40-600,disable,0,Honda Non Turbo F 12/R 12 2002-2006 Standard Engine SBT 40-600,SBT,0,83150.0,,1903.2,2389.2,2389.2,2389.2
SD78155,40-601,40-601,disable,0,Honda Turbo F 12 X/R 12 X  2002-2006 Standard Engine SBT 40-601,SBT,0,83151.0,,2323.2,2762.5,2762.5,2762.5
SD0797,41-102A,41-102A,publish,80,Sea-Doo Installation Gasket Kit 587 White GTS/SP/SPI/GTX/Speedster  SBT 41-102A,SBT,0,40008.0,B00CUFXE9C,21.55,35.95,35.95,35.95
SD0809,41-103,41-103,publish,136,SBT Sea-Doo Installation Engine Gasket Kit 657 XP /SPX /GTX Jet Ski 93-94 41-103,SBT,0,40011.0,B00CUFXEVU,21.55,35.95,35.95,35.95
SD0820,41-105,41-105,publish,137,Sea-Doo Single Carb Installation Gasket Kit 717 GS/GSI/GTI/GTS  97-01 SBT 41-105,SBT,0,40014.0,B00CUFXG5O,21.55,35.95,35.95,35.95
SD00010084,41-113,41-113,disable,50,Sea-Doo Installation Gasket Kit Sportster SCIC/GTX Wake BVIC/RXP BVIC 41-113,Vendor NR SBT,0,109267.0,B00CUFXLAY,28.95,48.25,38.95,31.95
SD77652,41-401-02A,41-401-02A,disable,0,Yamaha SuperJet/WaveRunnerIII/LX/VXR Top Manfld Gasket 6M6-13563 SBT 41-401-02A,SBT,0,82649.0,,2.65,8.42,8.42,8.42
SD77653,41-401-02B,41-401-02B,disable,0,Yamaha SuperJet/WaveRunner III Lower Manifold Gasket 6M6-13566 SBT 41-401-02B,SBT,0,82650.0,,2.95,9.02,9.02,9.02
SD77667,41-401A-16,41-401A-16,disable,0,Yamaha Blaster/Raider Deluxe/VXR & PRO Silencer Gasket 6R7-14755 SBT 41-401A-16,SBT,0,82664.0,,2.95,9.02,9.02,9.02
SD77668,41-401A-16,41-401A-16,disable,0,Yamaha Superjet/WaveRunner III/LX/FX 1 Silencer Gasket 6R7-14755 SBT 41-401A-16,SBT,0,82665.0,,2.95,9.02,9.02,9.02
SD77670,41-401A-21,41-401A-21,disable,0,Yamaha Superjet/WaveRunner III/LX 1990-96 Outer Cover 1 Gasket 6R7-41114 SBT,SBT,0,82667.0,,4.45,10.5,10.5,10.5
SD77671,41-401A-21,41-401A-21,disable,0,Yamaha VXR/Raider Deluxe 1990-96 Outer Cover 1 Gasket 6R7-41114 SBT 41-401A-21,SBT,0,82668.0,,4.45,10.5,10.5,10.5
SD77663,41-401B-16,41-401B-16,disable,0,Yamaha WaveRunner LX 1990-93 Silencer Gasket  6M6-14753 SBT 41-401B-16,SBT,0,82660.0,,2.95,9.02,9.02,9.02
SD77669,41-401B-21,41-401B-21,disable,0,Yamaha WaveRunner LX 1990-93 Outer Cover Gasket 6M6-41113 SBT 41-401B-21,SBT,0,82666.0,,5.1,11.12,11.12,11.12
SD7491,41-407-03,41-407-03,publish,81,Yamaha Exhaust ManifoldGasket XL&XLT1200/GP1200R/GP1300R&NPV 66V-14613-00-00 SBT,SBT,0,41570.0,B07DP1B4NV,25.75,42.9,42.9,42.9
SD1738,41-407A,41-407A,publish,140,Yamaha Installation Gasket Kit 1200 Power Valve XLT1200/GP1200R  41-407A SBT,SBT,0,41370.0,B00CUFY4I2,57.3,95.5,95.5,95.5
SD10265,41-412-10,41-412-10,disable,140,Yamaha Oil Seal FXCRUISER HO/FX HO/FZS/FZR Wave Runner VXS  6S5-81167-10-00 SBT,SBT,0,41754.0,,14.8,24.75,24.75,24.75
SD9704,41-412-24,41-412-24,disable,80,Yamaha Side Cover Gasket FX CruiserSuper HO/FX SHO/FZS/FZR  6S5-13557-00-00 SBT,SBT,0,41753.0,,16.35,27.25,27.25,27.25
SD10353,41-503-03,41-503-03,disable,140,Tigershark Exhaust Manifold Gasket 900/Monte Carlo 900 & 1000  SBT 3008-407,SBT,0,40999.0,,11.1,18.63,18.63,18.63
SD6231,42-112-02,42-112-02,publish,0,Sea-Doo Head Gasket Challenger 1800-Tower/Sportster 4 Tec SCIC/RXT 420950770 SBT,SBT,0,40293.0,,61.8,109.62,109.62,109.62
SD77924,42-408-08,42-408-08,disable,50,Yamaha FX 3 Pass-Cruiser-140 Valve Cover Gasket 60E-11193-01-00 SBT 42-408-08,SBT,0,82921.0,,16.35,27.27,27.27,27.27
SD77925,42-408-08,42-408-08,disable,50,Yamaha WaveRunner FX & Cruiser Valve Cover Gasket 60E-11193-01-00 SBT 42-408-08,SBT,0,82922.0,,16.35,27.27,27.27,27.27
SD9697,44-107,44-107,disable,0,Sea-Doo Cylinder Sleeve XP800/Challenger/GSX/GTX/XP/Challenger1800 SBT 44-107,SBT,0,40407.0,B01AIJJ6D4,57.95,96.65,96.65,96.65
SD10677,44-303,44-303,publish,138,Polaris Cylinder Sleeve 92-95  SL 750/SLT 750  SBT 44-303,SBT,0,39215.0,B07HZ46XP3,53.75,89.59999999999998,89.59999999999998,89.59999999999998
SD16148,44-406,44-406,disable,0,Yamaha Cylinder Sleeve 98-05 GP XL & XLT 800/GP800R for 800 Motors  44-406 SBT,SBT,0,41800.0,B07FMB9YWW,65.35,108.95,108.95,108.95
SD5070,45-411,45-411,publish,78,Yamaha FX HO 2004-05 Oil Pump Rebuild Kit Impeller-Rotor-gaskets Waverunner SBT,SBT,0,41458.0,B07DWF5J3T,92.3,153.9,153.9,153.9
SD27794,46-414-34,46-414-34,publish,139,Yamaha 1.8L N/A Damper Chain 1 FX Cruiser HO/FX HO/VXR/VXS  6BH-12251-00-00  SBT,SBT,0,41981.0,B07F445V3L,31.85,50.95,50.95,50.95
SD30859,48-201,48-201,disable,0,Kawasaki JS440/440 SX 1977-1992 Complete Engine Motor Gasket Seal Kit 48-201 SBT,SBT STKSB,0,39092.0,B00CUFYKZO,39.55,65.95,65.95,65.95
SD33869,48-400,48-400,publish,134,Yamaha Complete Gasket Kit 500 WaveJammer/WaveRunner/WaveRunnerVX  48-400 SBT,SBT,0,42089.0,B00CUFYWEI,58.75,97.95,97.95,97.95
SD34111,51-110,51-110,disable,138,Sea-Doo 787 RFI/800 RFI Exhaust Gasket Kit GTX/GSX/GTI LE/3D 1998 1999 2000 2001 2002 2003 2004 2005,SBT,0,83693.0,B00CUFZCZ6,10.15,17.25,17.25,17.25
SD34106,52-110,52-110,disable,139,Sea-Doo 787 RFI/ 800 RFI Intake Gasket GTX/GSX/GTI LE/3D 1998 1999 2000 2001 2002 2003 2004 2005,SBT,0,83691.0,B00CUFXUXC,6.2,12.09,12.09,12.09
SD22150,52-202C,52-202C,disable,139,Kawasaki Intake Gasket Kit  550/JS550 91-95  52-202C  SBT,SBT,0,38834.0,B00CUFXWIA,9.55,15.95,15.95,15.95
SD22141,52-203,52-203,publish,140,Kawasaki Intake Gasket Kit  650 SC/SX/TS/X2  Jet Ski 91-95  52-203  SBT,SBT,0,38830.0,B00CUFXWX0,10.9,18.2,18.55,18.2
SD22169,52-203A,52-203A,publish,196,Kawasaki Intake Gasket Kit  650 SX/X2/650 TS 87-90  52-203A SBT,SBT,0,38845.0,B00CUFXXC0,9.55,16.34,17.03,16.34
SD22134,52-209,52-209,publish,79,Kawasaki Intake Gasket Kit  900 ZXI/STX/STS Jet Ski 95-04  52-209 SBT,SBT,0,38826.0,B00CUFY0J0,18.55,30.95,30.95,30.95
SD22190,52-303,52-303,publish,79,Polaris 650 750 780 Intake gasket Kit SL 750 650/SLT750/SLX/SLT 780  52-303 SBT,SBT,0,39370.0,B00CUFY482,15.45,25.75,25.75,25.75
SD24241,52-503A,52-503A,disable,139,Tigershark Intake Gasket Kit 900 Jet Ski O-Rings 1995 52-503A SBT,SBT,0,41085.0,B00CUFYFOK,10.9,18.2,18.2,18.2
SD21510,53-101,53-101,publish,133,Sea-Doo Head O'Ring Kit 587 SP/GT/SPI/XP/GTS/GTX/SPX   53-101 SBT,SBT,0,40728.0,B00CUFYHLG,14.7,24.55,24.55,24.55
SD34113,53-302,53-302,disable,0,Polaris Head O'Ring Kit 700 SLH /SL 700 /SL 900 /SLT /SLTX /SL 700 DLX /SL1050 /,SBT,0,83694.0,,7.349999999999999,12.69,13.25,12.45
SD21913,53-305,53-305,disable,139,Polaris Head O'Ring Kit 900 SL900  96-97 Jet Ski 53-305 SBT,SBT,0,39345.0,B00CUFYK5O,14.7,24.55,24.55,24.55
SD22047,53-311,53-311,disable,139,Polaris Head O'Ring Kit  800 Octane / Virage I  02-04 Jet Ski 53-311 SBT,SBT,0,39351.0,B00CUFYLWQ,14.7,24.55,24.55,24.55
SD3331,60A-109,60A-109,publish,80,Sea-Doo Top-End Gasket Kit 951 Silver GSX-L/GTX/VSP-L/XP LTD/RX/Sport LE/LRV SBT,SBT,0,40131.0,B00FZQ9P46,49.75,82.95,82.95,82.95
SD3354,60A-109A,60A-109A,publish,137,Sea-Doo Top-End Gasket Kit 951 SilverRX/Sport LE/VSP-L/XP LTD 02-03 60A-109A SBT,SBT,0,40139.0,B00FZQ9QIQ,49.75,82.95,82.95,82.95
SD3347,60A-111,60A-111,publish,100,Sea-Doo Top-End Gasket Kit 951 DI GTX DI/RX DI/LRV DI/XP DI/Sport LE DI/3D 947,SBT,0,40137.0,B00FZQ9TPG,49.75,82.95,82.95,82.95
SD3728,60A-205A,60A-205A,publish,139,Kawasaki Top End Gasket Kit 750 SX/SXI  92-02 60A-205A SBT,SBT,0,38480.0,B00FZQA2WU,28.15,46.95,46.95,46.95
SD3815,60A-205E,60A-205E,disable,0,Kawasaki 750cc STS-STX Top End Gasket Kit Engine Motor SBT 60A-205E Jetski,SBT,0,38487.0,B00FZQA9E6,28.15,46.95,46.95,46.95
SD6983,60A-400,60A-400,publish,139,Yamaha Top End Gasket Kit  500 Wave Jammer/Wave Runner/VXR  1988-92  60A-400 SBT,SBT,0,41554.0,B00FZQAXMY,29.95,49.95,51.34,49.95
SD5633,60A-412,60A-412,publish,137,Yamaha Cylinder Head Gasket Kit 1.8L SHO FX SHO/FZR/FZS/FX Cruiser SHO  60A-412,SBT,0,41470.0,B00FZQF3S8,89.95,149.95,149.95,149.95
SD78207,62-304-1,62-304-1,disable,1,DISCONTINUED...Polaris 780 SLX/SLT/SL 1995-97 Cylinder Exchange Kit SBT 62-304-1,SBT,0,83203.0,,350.0,512.66,512.66,512.66
SD3460,62-402S-1,62-402S-1,disable,0,DISCONTINUED...Yamaha Cylinder Exchange Kit 701S Super Jet /Wave Blaster 700 PWC SBT 62-402S-1,SBT,0,41440.0,,310.0,477.9,477.9,477.9
SD2826,62-409-0,62-409-0,disable,0,Yamaha GP 1300R PV 2003-04 Cylinder Exchange Kit w Piston Sleeve Gasket Bearing,SBT,0,35650.0,,499.0,769.0,769.0,769.0
SD2843,62-413-0,62-413-0,disable,0,Yamaha GP 1300R NPV 05-08 Cylinder Exchange KIT Piston Sleeve Bearing Gasket SBT,SBT,0,41430.0,,499.0,769.0,769.0,769.0
SD14592,70-202,70-202,publish,100,Kawasaki Driveline Rebuild Kit 1982-89 JS 550 70-202 Without Housing SBT,SBT,0,38656.0,B00KI3LWL0,45.95,76.65,76.65,76.65
SD15710,70-402-1K,70-402-1K,disable,0,Yamaha Super Jet/FX-1/Wave Raider 1100-Exciter 220 Bearing Housing Repair Kit,SBT,0,41791.0,B07FYMNRG9,24.25,40.45,40.45,40.45
SD66516,70-402-1K,70-402-1K,disable,0,Yamaha Wave Venture 760-1100 /GP 760-800 1200/XL700-1200 Bearing Housing Repair,SBT,0,70157.0,,24.25,40.45,40.45,40.45
SD485977045,70-402-1K,70-402-1K,disable,50,Yamaha Bearing Housing Repair Kit XL800/Exciter 135SE 270TE/LS 2000/SUV/SuperJet,SBT,0,70707.0,,24.25,40.45,40.45,40.45
SD485977621,70-402-1K,70-402-1K,disable,0,Yamaha Bearing Housing Repair Kit XLT1200/XR 1800/AR210/LX 210/SX230 HO/AR230 HO,SBT,0,70741.0,,24.25,40.45,40.45,40.45
SD78029,70-402-1K,70-402-1K,disable,50,Yamaha Exciter 220/Wave Venture 1100 Bearing Housing Repair KIT SBT 70-402-1K,SBT,0,83026.0,,24.25,40.45,40.45,40.45
SD78030,70-402-1K,70-402-1K,disable,49,Yamaha Super Jet/FX-1/Wave Raider 1100 Venture Bearing Housing Repair KIT SBT,SBT,0,83027.0,,24.25,40.45,40.45,40.45
SD15194,70-402A,70-402A,disable,0,Yamaha Driveline Rebuild Kit VXR Pro 700/Wave Blaster Raider&Super Jet 700 93-96,SBT,0,41782.0,B01ETRC3ZE,107.7,179.55,179.55,179.55
SD15193,70-407,70-407,disable,0,Yamaha Driveline Rebuild Kit 1999-04 SUV/SUV 1200/XLT 1200 70-407  SBT,SBT,0,41781.0,B00KI3M6ZG,115.4,192.4,192.4,192.4
SD15671,70-408-1K,70-408-1K,disable,0,Yamaha Bearing Housing Repair Kit  FX140/FX140 Cruiser/FX140 HO/VX 1100E/FX3Pass,SBT,0,41788.0,B01ETRC8NQ,26.25,43.8,43.8,43.8
SD15574,70-410,70-410,publish,136,Yamaha Driveline Rebuild Kit VX 110 Deluxe/VX 110 Sport  2005-09  70-410  SBT,SBT,0,41785.0,B00KI3M95I,47.35,78.95,78.95,78.95
SD77722,71-202B-01,71-202B-01,publish,42,Kawasaki X2/650 SX/Jet Mate/TS/550 SX/SC 1987-96 Impeller Seal 92093-3702  SBT,SBT,0,82719.0,B00KI3MG4C,2.94,8.84,9.2,8.84
SD11381,72-112B,72-112B,publish,197,Sea-Doo Jet Pump Rebuild Kit SC GTX 4-TEC/GTX Wake/Sportster/Speedster/Utopia205,SBT,0,40420.0,B00KI3MTM6,64.15,106.95,106.95,106.95
SD11399,72-113,72-113,publish,80,Sea-Doo Jet Pump Rebuild Kit Sportster & GTX  4-TEC- RXP -RXP -SC /Speedster 200,SBT,0,40421.0,B00KI3MW3W,64.15,106.95,106.95,106.95
SD13542,72-600A,72-600A,disable,0,Honda Aquatrax Jet Pump Rebuild Kit F-12 2005-07 72-600A Bearings & Seals SBT,SBT,0,23570.0,B00KI3O5M8,59.95,99.95,99.95,99.95
SD13561,72-600B,72-600B,disable,0,Honda Aquatrax Jet Pump Rebuild Kit  F-15X /F-15  2008-09 72-600B SBT,SBT,0,23571.0,B00KI3O6O0,59.95,99.95,99.95,99.95
SD3846,74-109A-08,74-109A-08,disable,0,"Sea-Doo Driveshaft GSX-L/GSX/XP/GSX LTD/RX/RX DI 272000151 17 3/4 "" Long SBT",SBT,0,40202.0,B00KI3OODI,113.35,188.95,188.95,188.95
SD2886,74-122-08,74-122-08,disable,0,Sea-Doo Driveshaft Speedster200 Twin4-TEC SC/Challenger230 SE 215 SCIC 204120284,SBT,0,40103.0,B00KI3P8FG,152.95,254.95,254.95,254.95
SD517240681,74-122-08,74-122-08,disable,0,Sea-Doo Speedster-Challenger-Islandia-Utopia-Wake Driveshaft 204120284 SBT,SBT,0,,,152.95,254.95,254.95,254.95
SD3332,74-123-08,74-123-08,publish,80,Sea-Doo Driveshaft Sportster 4-Tec SCIC/RXT-X 255/Speedster 150 215 SC 271001585,SBT,0,40133.0,B00KI3PA90,152.95,254.95,254.95,254.95
SD4356,74-205-08,74-205-08,disable,140,"Kawasaki Driveshaft 24-7/16"" SX/SXI 39159-3714  24-7/16"" 1992-95 74-205-08 SBT",SBT,0,38526.0,B00KI3PFB8,152.95,254.95,254.95,254.95
SD7494,74-213-01,74-213-01,publish,199,Kawasaki Impeller Shaft STX-12F/STX-15F/STX 13107-3794 2007-10 SBT,SBT,0,38553.0,B00KI3PU54,33.55,55.95,55.95,55.95
SD8112,74-405A-02,74-405A-02,disable,10,Yamaha Coupler Shaft 800 1200 SUV 1200 X/XL 1200 LTD/XL 800  66V-51323-01-00 SBT,SBT,0,41632.0,B00KI3LUP8,99.95,169.95,169.95,169.95
SD8616,74-408-02,74-408-02,disable,1,Yamaha Coupler Shaft Wave Runner FX 140/FX Cruiser/FX HO 60E-51323-00-00 SBT,SBT,0,41727.0,B00KI3M6Z6,75.95,128.85,128.85,128.85
SD00005338,78-109-01K,78-109-01K,disable,0,Sea-Doo 78-109-01K Jet Pump Assemb. GTX-GSX-XP-RX-Sportster-GI-GTI-GTS-LRV-RX-3D,Vendor N.R. SBT,0,104676.0,B00KXC3Q60,311.95,519.95,519.95,519.95
SD00003500,78-112A-01K,78-112A-01K,disable,0,Sea-Doo Islandia-Utopia-Challenger-Wake-Sportster Jet Pump 267000056 Most 155HP,SBT,0,102938.0,,311.95,519.95,519.95,519.95
SD33794,78-113B-01K,78-113B-01K,disable,10,Sea-Doo 4-Tec 159mm Jet Pump w Bearing 2009&up GTX 2215/RXT/Wake Pro  SBT,SBT,0,40526.0,B00KI3NIV2,311.95,519.95,519.95,519.95
SD0805,78-401B-01,78-401B-01,publish,99,Yamaha Jet Pump Housing Wave Runner Venture Rider GP 760/800 6R8-51312-03-94 SBT,SBT,0,32396.0,B00KI3NLEG,110.85,184.8,184.8,184.8
SD17392,79-302A-01,79-302A-01,disable,140,Polaris Protection Hose OE 5432184 Year 1996  Hurricane 79-302A-01 SBT,SBT,0,39296.0,B00KI3O4BA,11.45,19.1,19.1,19.1
SD15176,80-211,80-211,publish,139,Kawasaki Ultra 150 (1200) Flywheel Puller 30mm X 1.5mm Jet Ski  80-211 SBT,SBT,0,38666.0,B00KI368IW,44.95,75.2,75.2,75.2
SD11858,85-806,85-806,publish,1,"DISCONTINUED..Yamaha Jet Ski Clymers Repair Manual 701X/T,760,1100,1200 non-pv.W806 85-806 SBT",SBT,0,41008.0,,31.95,42.95,42.95,42.95
SD12947,85-810,85-810,disable,0,"DISCONTINUED...Sea-Doo Clymers Water Vehicles Repair Manual 787RFI, 951/DI 1997-01 PWC W810 SBT",SBT,0,39674.0,,31.95,42.95,42.95,42.95
SD12953,85-819,85-819,disable,0,DISCONTINUED...Polaris 1992-95 650-750cc Water PWC Shop Manual W819 Jet Ski Clymers SBT 85-819,SBT,0,38434.0,,31.95,42.95,42.95,42.95
SD20854,DCPR8E,DCPR8E,publish,103,Sea Doo NGK DCPR8E Spark Plug Fits GTX/Sportster/Speedster 2002-09 Ouboard SBT,SBT,0,36283.0,,3.65,10.03,10.49,10.03
SD0753,RD029,RD029,disable,0,Kawasaki STX-15F Ultra 300X/LX/Ultra LX/310X/310LX Connecting Rod 13251-3702 SBT,SBT,0,38349.0,,74.34999999999998,123.95,123.95,123.95
SD0760,RD029,RD029,disable,0,Kawasaki 4Stroke STX-15F-Ultra 300X-LX-310X-310LX Crankshaft Connecting Rod,SBT,0,38350.0,B0193X805G,74.34999999999998,123.95,123.95,123.95
SD78138,10-085,10-085-SB,disable,0,PWC Tie Down Two 1x3 polyester Vinyl coated hooks SBT 10-085,SBT,0,83134.0,,9.95,13.95,13.95,13.95
SD16097,10-140-02,10-140-02-SB,disable,140,"SBT Wheel Hub Seal for 1-1/ 4"" Spindle 10-140-02",SBT,0,45294.0,,1.9,7.3,7.3,7.3
SD77759,10-140-04,10-140-04-SB,disable,50,Tapered Roller Bearing Cone  1  SBT 10-140-04,SBT,0,82756.0,,3.2,8.849999999999998,8.849999999999998,8.849999999999998
SD78046,10-140K,10-140K-SB,disable,50,Wheel inner/outer Bearing Races & Seal Kit 1 Trailer SBT 10-140K,SBT,0,83043.0,,8.699999999999998,14.55,14.55,14.55
SD14184,10-141-04,10-141-04-SB,disable,140,"SBT Tapered Roller Bearing Cone 1"" 10-140-04",SBT,0,45292.0,,3.35,9.07,9.07,9.07
SD15775,10-141-04,10-141-04-SB,disable,140,"SBT Tapered Roller Bearing Cone 1-1/16""  10-141-04",SBT,0,45293.0,B009PPBUUA,3.35,8.849999999999998,9.28,8.529999999999998
SD78146,10-220,10-220-SB,disable,50,Trailer Coupler  2000lb 1-7/ 8 Ball Zinc plated SBT 10-220,SBT,0,83142.0,,10.25,17.1,17.1,17.1
SD78145,10-251,10-251-SB,disable,50,Safety Chain 2000lbs CLS1 Zinc plated welded link chain SBT 10-251,SBT,0,83141.0,,7.15,12.96,12.96,12.96
SD77191,10-262,10-262-SB,disable,50,Coupler Locking Pin Zinc plated SBT 10-262,SBT,0,82189.0,,1.4,6.84,6.84,6.48
SD77182,10-320-04,10-320-04-SB,disable,50,Clearance Marker Light  Plug in Lamp Trailer Electric SBT 10-320-04,SBT,0,82180.0,,1.3,6.69,0.0,6.35
SD77193,10-320-04K,10-320-04K-SB,disable,50,Marker Light  Plug in Lamp With Base Trailer SBT 10-320-04K,SBT,0,82191.0,,2.25,7.86,7.86,7.86
SD77183,10-320-05,10-320-05-SB,disable,50,Clearance Marker Light  Plug in Lamp Trailer Electric SBT 10-320-05,SBT,0,82181.0,,1.3,6.69,0.0,6.35
SD77194,10-320-05K,10-320-05K-SB,disable,50,Marker Light  Plug in Lamp With Base Trailer SBT 10-320-05K,SBT,0,82192.0,,2.25,7.86,7.86,7.86
SD77763,10-343-05,10-343-05-SB,disable,50,LED-Clearance Light amber chrome bezel 1.5 x 2.88 Trailer SBT 10-343-05,SBT,0,82760.0,,7.4,12.96,12.96,12.96
SD77752,10-344-04,10-344-04-SB,disable,50,LED Clearance Lights red 1 x 3.13 Trailer SBT 10-344-04,SBT,0,82749.0,,4.65,10.31,10.31,10.31
SD77758,10-390,10-390-SB,disable,50,Adapter With Dust Cover 6-Pole Round to 4 Flat Trailer Electric SBT 10-390,SBT,0,82755.0,,5.1,10.67,10.67,10.67
SD77757,10-395,10-395-SB,disable,50,Trailer Connector Kit - Male and Female  SBT 10-395,SBT,0,82754.0,,4.8,10.53,10.53,10.53
SD77756,10-396,10-396-SB,disable,50,Trailer End Connector  Male 6/12/24 volt capacity. B card. SBT 10-396,SBT,0,82753.0,,2.95,8.5,8.5,8.5
SD77753,10-399,10-399-SB,disable,50,EZ Trouble Shooter II Circuit Tester  SBT 10-399,SBT,0,82750.0,,4.15,10.19,10.19,10.19
SD78067,10-410,10-410-SB,disable,50,Galvanized U-Bolt 1/ 2 x 3-1/ 16 x 3-3/ 16 Trailer SBT 10-410,SBT,0,83063.0,,2.95,7.96,7.96,7.96
SD78066,10-411,10-411-SB,disable,50,Galvanized U-Bolt 1/ 2 x 2-1/ 16 x 4-3/ 16 Trailer SBT 10-411,SBT,0,83062.0,,2.95,7.96,7.96,7.96
SD77990,10-412,10-412-SB,disable,50,Galvanized U-Bolt 7/ 16 x 1-9/ 16 x 3-9/ 16 SBT 10-412,SBT,0,82987.0,,2.95,8.58,8.58,8.58
SD77991,10-413,10-413-SB,disable,50,Galvanized U-Bolt  3/ 8 x 1-5/ 8 x 3-9/ 16 SBT 10-413,SBT,0,82988.0,,2.95,8.58,8.58,8.58
SD77989,10-421,10-421-SB,disable,50,Trailer U-Bolt  3-1/ 8 x 4 SBT 10-421,SBT,0,82986.0,,4.15,9.63,9.63,9.63
SD78064,10-430,10-430-SB,disable,50,Trailer U-Bolts with Frame Straps  2-1/ 8 x 4 & 4 strap  SBT 10-430,SBT,0,83060.0,,4.8,10.45,10.45,10.45
SD78089,10-432,10-432-SB,disable,50,Trailer U-Bolts with Frame Straps  3-1/ 8 x 4 & 5 strap  SBT 10-432,SBT,0,83085.0,,4.8,10.45,10.45,10.45
SD78087,10-433,10-433-SB,disable,50,Trailer U-Bolts with Frame Straps  4-1/ 8 x 3 & 6 strap  SBT 10-433,SBT,0,83083.0,,4.8,10.45,10.45,10.45
SD78063,10-550,10-550-SB,disable,50,"Bow Roller 3""""x1/2"" shaft diameter Black SBT 10-550",SBT,0,83059.0,,3.35,9.07,9.07,9.07
SD78069,10-553,10-553-SB,disable,50,Bow Stop Polymer 1/ 2D Shaft  1.5x3 Base  3.5Hx4L SBT 10-553,SBT,0,83065.0,,9.95,13.95,13.95,13.95
SD78134,10-560,10-560-SB,disable,0,Bolster Bracket for bunk boards Heavy Duty Hot Dip Galvanized SBT 10-560,SBT,0,83130.0,,6.95,10.51,10.51,10.51
SD78065,10-570,10-570-SB,disable,50,"Bow Stop 1/2"" Shaft 2"" Base  3Hx3.5L black rubber SBT 10-570",SBT,0,83061.0,,2.95,8.5,8.5,8.5
SD78141,10-571,10-571-SB,disable,50,"Bow Stop  3""  wide 1/2 Shaft Molded black rubber SBT 10-571",SBT,0,83137.0,,7.15,13.05,13.05,13.05
SD78143,10-572,10-572-SB,disable,50,"Bow Stop  4"" - 1/ 2 Shaft Molded black rubber  SBT 10-572",SBT,0,83139.0,,9.95,15.95,15.95,15.95
SD4342,108BT105,108BT105-SB,disable,0,SBT Sea-Doo Custom Seat Cover GTX/GTX RFI/GTX DI 00-02 PWC,SBT,0,39283.0,,139.25,198.95,198.95,198.95
SD4521,108BT118,108BT118-SB,disable,0,SBT Sea-Doo Custom Seat Cover RXP X/RXP X 255/RS 08-11 PWC,SBT,0,39292.0,,118.95,169.95,169.95,169.95
SD14549,108BT124,108BT124-SB,disable,0,SBT Sea-Doo Custom Seat Cover GTS Pro 130/GTI Rental 130/GTI SE 155/Wake 155,SBT,0,39683.0,,167.95,239.95,239.95,239.95
SD14532,108BT126,108BT126-SB,disable,99,Sea-Doo RXT iS 255-GTX iS 155-RXT 260-GTX Ltd iS 255-RS PWC Custom Seat Cover,SBT,0,39681.0,,164.45,234.95,234.95,234.95
SD11180,108BT130,108BT130-SB,disable,0,SBT Sea-Doo Custom Seat Cover Spark - 2014 3 Passenger PWC,SBT,0,39513.0,,92.35,131.95,131.95,131.95
SD78371,108BT133,108BT133-SB,disable,0,"Sea-Doo GTX LTD iS, GTX iS Custom Seat Cover 108BT133 SBT",SBT,0,83367.0,,157.45,226.58,226.58,226.58
SD78368,108BT135,108BT135-SB,disable,0,Sea-Doo GTX155 & S-GTX Ltd 215-GTX Ltd 260-300 Custom Built Seat Cover SBT,SBT,0,83364.0,,216.25,308.95,308.95,308.95
SD12336,108BT205,108BT205-SB,disable,0,SBT Kawasaki Custom Seat Cover Ultra 150 /Ultra 130 99-05 PWC,SBT,0,38090.0,,92.35,131.95,131.95,131.95
SD12405,108BT208,108BT208-SB,disable,0,SBT Kawasaki Custom Seat Cover ST /STS /750 STX /900 STX 94-98 PWC,SBT,0,38101.0,,79.75,113.95,113.95,113.95
SD11870,108BT211,108BT211-SB,disable,0,SBT Kawasaki Custom Seat Cover 1100 STX DI /900 STX 00-02 Jet Ski BlackTip,SBT,0,38081.0,,128.75,183.95,183.95,183.95
SD12493,108BT217,108BT217-SB,disable,0,SBT Kawasaki Custom Seat Cover 750 SS /SS XI 92-97 Jet Ski,SBT,0,38108.0,,79.75,113.95,113.95,113.95
SD16709,108BT300,108BT300-SB,disable,50,SBT Polaris Custom Seat Cover SL650 750 700 780/SL 700 Deluxe Jet Ski,SBT,0,38447.0,,75.54999999999998,107.95,107.95,107.95
SD16770,108BT301,108BT301-SB,publish,50,SBT Polaris Custom Seat Cover SL900 1050/SLX780 /SLX Pro 785 Jet Ski,SBT,0,38450.0,,75.54999999999998,110.9,110.9,110.9
SD78370,108BT302,108BT302-SB,disable,0,Polaris Hurricane 1996-1997 Custom Seat Cover 108BT302 SBT,SBT,0,83366.0,,75.54999999999998,107.95,107.95,107.95
SD16830,108BT306,108BT306-SB,publish,50,SBT Polaris Custom Seat Cover  SLTX /X-45 97-99 Jet Ski,SBT,0,38459.0,,79.75,113.95,113.95,113.95
SD12533,108BT307,108BT307-SB,disable,0,SBT Polaris Custom Seat Cover Virage/Freedom/Virage TX/Virage Txi/Virage I PWC,SBT,0,38430.0,,128.75,183.95,183.95,183.95
SD13610,108BT309,108BT309-SB,disable,0,SBT Polaris Custom Seat Cover MSX 140 /MSX 110 /MSX 150 03-04 Jet Ski,SBT,0,38443.0,,90.95,129.95,129.95,129.95
SD20245,108BT602,108BT602-SB,disable,0,SBT Honda Custom Color Seat Cover F-15X /F-15X GPS /F-15X 08-09 PWC,SBT,0,37987.0,,139.25,198.95,198.95,198.95
SD9975,111WS002,111WS0020,disable,0,"DISCONTINUED...SBT Sea-Doo/Yamaha/Tigershark Universal Large Jet Ski Cover 11'3""-111WS002 WCSS",SBT,0,39369.0,,66.95,95.95,95.95,95.95
SD5055,12-222,12-222-SB,disable,0,SBT Kawasaki Flush Kit 1992-1999 Quick Snap Jet Ski PWC 12-222,SBT,0,35936.0,,24.95,41.65,41.65,41.65
SD6042,12-231,12-231-SB,disable,140,SBT Polaris PWC Flush Kit Ficht & DI 2001-2004 12-231,SBT,0,36017.0,,10.7,17.9,17.9,17.9
SD6048,12-236,12-236-SB,disable,140,SBT Polaris PWC Flush Kit 4 Stroke 12-236,SBT,0,36019.0,,10.7,17.9,17.9,17.9
SD10139,130BE813,130BE813-SB,disable,0,SBT Sea-Doo Custom Seat Cover RX /RX X/ RX DI Vinyl Replacement PWC,SBT,0,39380.0,,489.25,698.95,698.95,698.95
SD78465,130BT029,130BT029-SB,disable,0,"SBT BlackTip traction Mat Sheet BLACK WISHBONE Carpet/Pad/Footwell Boat 39""x78""",SBT Mat Sheet,0,83461.0,,50.35,76.25,68.39,71.95
SD78331,137BT103,137BT103-SB,disable,50,SeaDoo GTX: 4-Tec/Ltd SC/DI/4-Tec Wake & RXP/RXT/GTI Rental Handlebar Cover  SBT,SBT,0,83327.0,,11.75,16.95,16.95,16.95
SD78329,137BT104,137BT104-SB,disable,50,Sea-Doo GTX/GSX &LTD/GTI/GS/GSI/XP/GTX RFI/XP Ltd Handlebar Cover 137BT104 SBT,SBT,0,83325.0,,11.75,16.95,16.95,16.95
SD78330,137BT105,137BT105-SB,disable,50,Sea-Doo GTI 130/Rental 130/SE 130-155/RXT 215/Wake 155-215 Handlebar Cover  SBT,SBT,0,83326.0,,11.35,18.07,18.07,18.07
SD78332,137BT206,137BT206-SB,disable,0,Kawasaki ST/ 1994-1995 STS/ 1995-1997 Handlebar Cover  137BT206 SBT,SBT,0,83328.0,,27.95,39.95,39.95,39.95
SD34103,14-305,4010403,disable,0,Polaris SL 900-SL 1050-SLTX-SLXH Stator 1996-1997 1998 SBT 14-305 Rep: 4010403,SBT,0,83622.0,B00KI34TD8,170.3,283.9,283.9,283.9
SD00011066,20-102,20-102 (NO CORE),disable,0,Sea-Doo 587 GTS-/GTX-SP-SPI-SPX 92-95 White Crankshaft 290886557 SBT 20-102,SBT,0,110115.0,,225.0,486.84,285.0,
SD19041,20-306,20-306-SB,disable,0,Polaris Crankshaft 900 /1050 SLH /SL 900 /SLX/SLTX  2201431 Jet Ski SBT 20-306,SBT,0,39302.0,,339.0,585.95,585.95,585.95
SD19063,20-310,20-310-SB,disable,0,SBT Polaris Crankshaft 777 /DI/800 Virage TX/ Virage I/Octane PWC 2201844 20-310,SBT,0,39303.0,,339.0,589.99,589.99,589.99
SD25299,20-310,20-310-SB,disable,37,SBT Polaris Crankshaft 777 /DI/800 Virage TX/Octane/ Virage I PWC 2201844 20-310,SBT,0,39401.0,,339.0,589.99,589.99,589.99
SD24574,20-600,20-600-SB,publish,50,SBT Honda Crankshaft  2002-06 N /A F-12 /R-12  13000-HW2-670  20-600,SBT,0,37991.0,,495.0,731.86,731.86,731.86
SD78024,23-102-228,23-102-228-SB,disable,50,Sea Doo Rotary Shaft C3 Bearing SBT 23-102-228,SBT,0,83021.0,,9.35,15.6,15.6,15.6
SD0861,23-310-212,23-310-212-SB,disable,140,SBT Polaris Crankshaft Bearing 800 Octane-Virage I 23-310-212,SBT,0,39054.0,,11.35,18.95,18.95,18.95
SD78025,23-400-221,23-400-221-SB,disable,50,Yamaha 500 C3 Crankshaft Bearing SBT 23-400-221,SBT,0,83022.0,,11.35,18.95,18.95,18.95
SD1777,23-400-234,23-400-234-SB,disable,140,SBT Yamaha Crankshaft Bearing 500 Waverunner-Wavejammer-VXR 23-400-234,SBT,0,41387.0,,11.95,19.95,19.95,19.95
SD77357,25-101,25-101-SB,disable,50,Kawasaki 650 X2/650 SX/SP/Jetmate/TS Wrist Pin Bearing 420932904 SBT 25-101,SBT,0,82355.0,,10.7,17.85,17.85,17.85
SD77358,25-101,25-101-SB,disable,50,Sea-Doo 587 GT/SPI/XP/GTS/GTX Wrist Pin Bearing 420932904 SBT 25-101,SBT,0,82356.0,,10.7,17.85,17.85,17.85
SD77332,25-105,25-105-SB,disable,50,Sea-Doo 657X/717/720 GTX/SPX Wrist Pin Bearing 420832421 SBT 25-105,SBT,0,82330.0,,10.7,17.85,17.85,17.85
SD77333,25-105,25-105-SB,disable,50,Sea-Doo HX/XP/GTI/GS/GSI/GTS Wrist Pin Bearing 420832421 SBT 25-105,SBT,0,82331.0,,10.7,17.85,17.85,17.85
SD77248,25-108,25-108-SB,disable,50,Sea-Doo 947/951 DI GSX-Limited/GTX &DI Wrist Pin Bearing 290832550 SBT 25-108,SBT,0,82246.0,,10.7,17.85,17.85,17.85
SD77249,25-108,25-108-SB,disable,50,Sea-Doo 947/951 XP LTD/VSP-L/LRV/RX &RX Wrist Pin Bearing 290832550 SBT 25-108,SBT,0,82247.0,,10.7,17.85,17.85,17.85
SD77459,25-207,25-207-SB,disable,50,Kawasaki 1100 ZXI/SS/SS XI/1100 STX Wrist Pin Bearing 13303-3703 SBT 25-207,SBT,0,82457.0,,10.7,17.85,17.85,17.85
SD77460,25-207,25-207-SB,disable,50,Kawasaki 750 BP/1100 750 SXI/750ZXI/STS Wrist Pin Bearing 13303-3703 SBT 25-207,SBT,0,82458.0,,10.7,17.85,17.85,17.85
SD77461,25-211,25-211-SB,disable,50,Kawasaki 1200 Ultra 150/STX-R/1200 STX Wrist Pin Bearing 13303-3704 SBT 25-211,SBT,0,82459.0,,10.7,17.85,17.85,17.85
SD77206,25-307,25-307-SB,disable,50,Polaris 1200 & DI Genesis/SLX/Pro 1200 Wrist Pin Bearing 3552112 SBT 25-307,SBT,0,82204.0,,10.7,17.85,17.85,17.85
SD77207,25-307,25-307-SB,disable,50,Polaris Virage TX/Virage TXI /Genesis I Wrist Pin Bearing 3552112 SBT 25-307,SBT,0,82205.0,,10.7,17.85,17.85,17.85
SD00180,26-100-01,26-100-01-SB,disable,50,Sea-Doo GTI 130-155/GTX 155-215-260 Steering-Reverse Cable Lock 277000784 SBT,SBT,0,95946.0,,6.3,11.95,11.95,11.95
SD517240689,26-100-01,26-100-01-SB,disable,50,Sea-Doo Wake/SP310-430-520/Challenger Steering-Revers Cable Lock 277001729 SBT,SBT,0,95949.0,,6.3,11.95,11.95,11.95
SD510591757,32-129-16-24,32-129-16-24-SB,disable,0,Sea-Doo Adonis Impeller 16/24 XP GSX SPX  SBT 32-129-16-24,SBT,0,94615.0,B06Y176HMH,129.85,225.83,225.83,225.83
SD81290,32-435-12-18,32-435-12-18-SB,disable,0,"Yamaha XLT SUV1200, FX 140 Cruiser, SX230 Impeller 12-18 Adonis 32-435-12-18 SBT",SBT,0,86358.0,B06XZN8G8Z,129.85,228.01,228.01,228.01
SD77806,35-140-20,35-140-20-SB,publish,0,Mikuni BN Needle & Seat Replace Sea-Doo/Kawasaki/Yamaha 2mm 38/44 SBT 35-140-20,SBT,0,82803.0,,6.55,11.09,10.95,11.09
SD77807,35-140-25,35-140-25-SB,publish,0,Mikuni BN Needle & Seat Replc Sea-Doo/Kawasaki/Yamaha 2.5mm 38/44 SBT 35-140-25,SBT,0,82804.0,,6.55,11.09,10.95,11.09
SD77781,35-161-23,35-161-23-SB,disable,50,Mikuni Sea-Doo/Polaris/Yamaha SBN Repl. Needle/Seat 2.3 mm SBT 35-161-23,SBT,0,82778.0,,9.85,16.45,16.45,16.45
SD77787,35-161-23,35-161-23-SB,disable,50,Mikuni Tigershark/Kawasaki SXI Pro SBN Repl. Needle/Seat 2.3 mm SBT 35-161-23,SBT,0,82784.0,,9.85,16.45,16.45,16.45
SD77998,35-163-100,35-163-100-SB,disable,50,Mikuni Low Speed Jet 100 SBT 35-163-100,SBT,0,82995.0,,1.65,7.57,7.57,7.22
SD77999,35-163-1025,35-163-1025-SB,disable,50,Mikuni Low Speed Jet 102.5 SBT 35-163-1025,SBT,0,82996.0,,1.65,7.57,7.57,7.22
SD78000,35-163-95,35-163-95-SB,disable,50,Mikuni Low Speed Jet 95.0 SBT 35-163-95,SBT,0,82997.0,,1.65,7.57,7.57,7.22
SD78003,35-164-105,35-164-105-SB,disable,50,Mikuni Main Jet 105.0  SBT 35-164-105,SBT,0,83000.0,,1.65,7.57,7.57,7.22
SD78004,35-164-110,35-164-110-SB,disable,50,Mikuni Main Jet 110.0  SBT 35-164-110,SBT,0,83001.0,,1.65,7.57,7.57,7.22
SD78006,35-164-1175,35-164-1175-SB,disable,50,Mikuni Main Jet 117.5  SBT 35-164-1175,SBT,0,83003.0,,1.65,7.57,7.57,7.22
SD78007,35-164-120,35-164-120-SB,disable,50,Mikuni Main Jet 120.0  SBT 35-164-120,SBT,0,83004.0,,1.65,7.57,7.57,7.22
SD78009,35-164-1275,35-164-1275-SB,disable,50,Mikuni Main Jet 127.5  SBT 35-164-1275,SBT,0,83006.0,,1.65,7.57,7.57,7.22
SD78010,35-164-130,35-164-130-SB,disable,50,Mikuni Main Jet 130.0  SBT 35-164-130,SBT,0,83007.0,,1.65,7.57,7.57,7.22
SD78011,35-165-135,35-165-135-SB,disable,50,Mikuni Main Jet 135.0  SBT 35-165-135,SBT,0,83008.0,,1.65,7.57,7.57,7.22
SD78012,35-165-145,35-165-145-SB,disable,50,Mikuni Main Jet 145.0  SBT 35-165-145,SBT,0,83009.0,,1.65,7.57,7.57,7.22
SD78013,35-165-160,35-165-160-SB,disable,50,Mikuni Main Jet 160.0  SBT 35-165-160,SBT,0,83010.0,,1.65,7.57,7.57,7.22
SD78015,35-165-165,35-165-165-SB,disable,50,Mikuni Main Jet 165.0  SBT 35-165-165,SBT,0,83012.0,,1.65,7.57,7.57,7.22
SD77776,35-203-18,35-203-18-SB,disable,50,Keihin Carb Needle Replacement Kawasaki 38/40/42  SBT 35-203-18,SBT,0,82773.0,,9.85,16.45,16.45,16.45
SD77800,35-205-18,35-205-18-SB,disable,50,Kawasaki/Polaris Keihin Needle & Seat Replacement 1.8mm 38/40/42 SBT 35-205-18,SBT,0,82797.0,,13.1,21.85,21.85,21.85
SD77803,35-211-16,35-211-16-SB,disable,50,Keihin Needle & Seat Replacement Kawasaki SBT 35-211-16,SBT,0,82800.0,,13.15,21.95,21.95,21.95
SD77646,35-402-26,35-402-26-SB,disable,50,"Yamaha Blaster/SuperJet/1200 Fuel Filter 6K8-24560, 6K8-24560 SBT 35-402-26",SBT,0,82643.0,,10.1,16.85,16.85,16.85
SD77749,36-010,36-010-SB,disable,50,"High Capacity High Flow Fuel Filter 80 Micron 1.6"" Diam 1/4"" line SBT 36-010",SBT,0,82746.0,,2.95,8.64,8.64,8.64
SD77886,36-115,36-115-SB,disable,50,Sea-Doo Spark Oil Filter 903 Year 2014  36-115 SBT 420956123,SBT,0,82883.0,,8.55,15.43,15.43,15.43
SD77887,36-116,36-116-SB,disable,50,Sea-Doo Oil Filter RXT-X RXP-X GTX 300 420956744 SBT 36-116,SBT,0,82884.0,,9.7,16.25,16.25,16.25
SD78018,37-003-1K,37-003-1K-SB,disable,50,Polaris SL650 750 780/SLT750 780/SLX/SLT780 1992-97 Shim Pack  SBT 37-003-1K,SBT,0,83015.0,,5.95,11.65,11.65,11.65
SD4881,37-003-2K,37-003-2K-SB,disable,0,Polaris Shim Pack Jet Ski SL700 900 1050/SLT700/SLTX/SLXH Genesis 37-003-2K SBT,SBT,0,38405.0,,9.45,15.95,15.95,15.95
SD78049,37-115,37-115-SB,disable,50,Sea-Doo Spark Rubber Mount fits Spark/Spark HO 270000852 SBT 37-115,SBT,0,83046.0,,8.25,15.45,15.45,15.45
SD77838,37-115-01,37-115-01-SB,disable,50,Sea-Doo Spark Rubber Stopper 270000863 SBT 37-115-01,SBT,0,82835.0,,3.15,8.49,8.49,8.49
SD78226,40-103,40-103-SB,disable,21,Sea-Doo 657 XP/GTX/SPX 1993-1995 Standard Engine SBT 40-103,SBT,0,83222.0,,670.85,935.87,935.87,935.87
SD78227,40-104,40-104-SB,disable,21,Sea-Doo 657X GTX/XP/SPX (657X) 1994-1995 Standard Engine SBT 40-104,SBT,0,83223.0,,778.95,1081.44,1081.44,1081.44
SD78243,40-108,40-108-SB,publish,10,Sea-Doo 951/947 White GSX Limited 1997.5 Standard Engine SBT 40-108,SBT,0,83239.0,,1265.8,1800.88,1800.88,1800.88
SD78232,40-110A,40-110A-SB,disable,19,Sea-Doo 787 RFI 2003.5 2004 2005/GTI LE RFI/GTI RFI Standard Engine SBT 40-110A,SBT,0,83228.0,,998.95,1372.19,1372.19,1372.19
SD53815,40-114A,40-114A REQUIRES CORE,disable,19,Sea-Doo 4-Tec 130 GTI N/A 130 Standard Engine Exchange 06-08 REMANUF SBT 40-114A,SBT,0,57529.0,,1903.2,2282.19,2282.19,2282.19
SD78163,40-201,40-201-SB,disable,21,DISCONTINUED...Kawasaki 440 JS440/440 SX 1977-1987 89-90  Standard Engine SBT 40-201,SBT,0,83159.0,,778.95,1081.44,1081.44,1081.44
SD78167,40-203,40-203-SB,disable,21,Kawasaki 650 SX/X2/Jetmate/SC/TS 1986-1996 Standard Engine SBT 40-203,SBT,0,83163.0,,575.0,798.98,798.98,798.98
SD78180,40-213,40-213-SB,disable,21,Kawasaki STX 12F 2003-2007 Engine Motor REMANUFAC Block Cylinder Head Crankshaft,SBT,0,83176.0,,1903.2,2462.6,2369.24,2357.58
SD33379,40-214A,40214A-SB REQUIRES CORE,disable,21,Kawasaki STX 15F/UltraLX 2007-08 REMANUFACTURED Exchange Engine Motor Jetski SBT,SBT,0,39182.0,,2112.8,2711.4,2531.54,2606.91
SD78189,40-308,40-308-SB,disable,19,Polaris 1200 DI V 1 Virage Txi/Genesis I 1999-2004 Standard Engine SBT 40-308,SBT,0,83185.0,,1707.3,2119.3,2119.3,2119.3
SD78283,40-400,40-400-SB,disable,19,Yamaha 500 WaveRunner & VXR/WaveJammer 1988-1992 Standard Engine SBT 40-400,SBT,0,83279.0,,778.95,1081.44,1081.44,1081.44
SD78294,40-406,40-406-SB,disable,0,Yamaha 800 GP/XL/GP R/XLT 1998-2005 Standard Engine SBT 40-406,SBT,0,83290.0,,1265.8,1618.12,1618.12,1618.12
SD78281,40-409,40-409-SB,disable,0,Yamaha 1300 PV GPR 2003-2004 Standard Engine SBT 40-409,SBT,0,83277.0,,1658.4,2052.86,2052.86,2052.86
SD54475,40-410,40-410 REQUIRES CORE,disable,21,Yamaha VX 110 Deluxe&Sport Standard Engine Motor EXCHANGE REMANUF SBT 40-410,SBT,0,58162.0,,1903.2,2282.19,2282.19,2282.19
SD53816,40-414,40-414 NO CORE,disable,20,Yamaha 1.8K NAFXCruiserHO/FXHO/VXR/VXS/242LTD Engine Exchange REMANUF SBT 40-414,SBT,0,57530.0,,3145.0,3798.95,3798.95,3798.95
SD53817,40-414,40-414 NO CORE,disable,20,DISCONTINUED...Yamaha AR & SX 240 HO/212 X & SS/AR & SX 190 Engine Exchange REMANUF 40-414 SBT,SBT,0,57531.0,,3145.0,3798.95,3798.95,3798.95
SD00002890,40-417,40417SB,disable,21,Yamaha 1.8L FX HO-VSR-VXS-AR-SX 190/240-212X/SS Waverunner JetbBoat Engine Motor,SBT,0,102372.0,,3145.0,3921.22,4166.46,3655.92
SD78258,40-503,40-503-SB,disable,19,Tigershark 900 Monte Carlo 1995-1996 Standard Engine SBT 40-503,SBT,0,83254.0,,1658.4,2075.57,2075.57,2075.57
SD78252,40-504,40-504-SB,disable,19,Tigershark 1000 Monte Carlo/Daytona/TS 1997-1998 Standard Engine SBT 40-504,SBT,0,83248.0,,1658.4,2075.57,2075.57,2075.57
SD77329,41-101-02A,41-101-02A-SB,disable,50,Sea-Doo SP/GT/SPI/XP/GTS/STX/SPX/GTX/HX Manifold ORing 420831705 SBT 41-101-02A,SBT,0,82327.0,,0.75,6.66,6.66,6.34
SD77361,41-101-03,41-101-03-SB,disable,50,Sea-Doo SP/GT/SPI/XP 1988-91 Exhaust Manifold Gasket 420950253  SBT 41-101-03,SBT,0,82359.0,,2.05,8.179999999999998,8.179999999999998,8.179999999999998
SD77251,41-101-06,41-101-06-SB,disable,50,Sea-Doo SP/GT/SPI/XP 1988-91 Flywheel Housing Gasket 290850600  SBT 41-101-06,SBT,0,82249.0,,4.45,10.5,10.5,10.5
SD77530,41-102-03,41-102-03-SB,disable,50,Sea-Doo GTS/GTX/SP/SPI/XP/SPX Exhaust Manifold Gasket 420850634 SBT 41-102-03,SBT,0,82528.0,,2.2,8.019999999999998,8.019999999999998,8.019999999999998
SD77528,41-102-05,41-102-05-SB,disable,50,Sea-Doo GTS/GTX/SP/SPI/XP/SPX Flywheel Cover ORing 420831555 SBT 41-102-05,SBT,0,82526.0,,2.95,9.02,9.02,9.02
SD77349,41-107-03,41-107-03-SB,disable,50,Sea-Doo GTX/Challenger & 1800 Exhaust Manifold Gasket 420931481  SBT 41-107-03,SBT,0,82347.0,,4.8,10.87,10.87,10.87
SD77350,41-107-03,41-107-03-SB,disable,50,Sea-Doo XP800/GSX &RFI/GTX RFI Exhaust Manifold Gasket 420931481  SBT 41-107-03,SBT,0,82348.0,,4.8,10.87,10.87,10.87
SD77538,41-108-03,41-108-03-SB,disable,50,Sea-Doo GSX-L/GTX/XP LTD/VSP-L Exhaust Manifold Gasket 420931653 SBT 41-108-03,SBT,0,82536.0,,6.6,12.88,12.88,12.88
SD77539,41-108-03,41-108-03-SB,disable,50,Sea-Doo GTX DI/LRV/RX DI/RX/GTX/LRV DI Exhaust Manifold Gasket 420931653 SBT,SBT,0,82537.0,,6.6,12.88,12.88,12.88
SD77231,41-108-09,41-108-09-SB,disable,50,Sea-Doo/Polaris/Yamaha/Honda Starter Oring 270800060 SBT 41-108-09,SBT,0,82229.0,,2.2,8.019999999999998,8.019999999999998,8.019999999999998
SD77534,41-109-04,41-109-04-SB,disable,50,Sea-Doo GSX-L/GTX/XP LTD/VSP-L/GTX DI Exhaust Pipe Gasket  SBT 41-109-04,SBT,0,82532.0,,6.6,12.88,12.88,12.88
SD77535,41-109-04,41-109-04-SB,disable,50,Sea-Doo GTX/LRV/RX DI/RX/Sport LE DI Exhaust Pipe Gasket  SBT 41-109-04,SBT,0,82533.0,,6.6,12.88,12.88,12.88
SD77318,41-110-02,41-110-02-SB,disable,50,Sea-Doo GSX RFI/GTI LE RFI 1998-05 Manifold ORing 420850520 SBT 41-110-02,SBT,0,82316.0,,4.45,10.5,10.5,10.5
SD77319,41-110-02,41-110-02-SB,disable,50,Sea-Doo GTX RFI/3D RFI/GTI RFI 1998-05 Manifold ORing 420850520  SBT 41-110-02,SBT,0,82317.0,,4.45,10.5,10.5,10.5
SD77312,41-112-09,41-112-09-SB,disable,50,Sea-Doo/Kawasaki 2002-08 Starter ORing 420631310  SBT 41-112-09,SBT,0,82310.0,,1.45,7.599999999999999,7.599999999999999,7.21
SD77310,41-112-14,41-112-14-SB,disable,50,Sea-Doo GTX 4 Tec/GTX SC/GTX LTD SC Output Sleeve Seal 420630550 SBT 41-112-14,SBT,0,82308.0,,5.8,11.83,11.83,11.83
SD77311,41-112-14,41-112-14-SB,disable,50,Sea-Doo Sportster 4 Tec/4 Tec LTD/RXP/RXP SC Output Sleeve Seal 420630550 SBT,SBT,0,82309.0,,5.8,11.83,11.83,11.83
SD513115169,41-112-14,41-112-14-SB,disable,50,Sea-Doo Speedster/Wake 4 Tec/Challenger 1800 Output Sleeve Seal 420630550 SBT,SBT,0,95086.0,,5.8,11.83,11.83,11.83
SD513115345,41-112-14,41-112-14-SB,disable,50,Sea-Doo Sportster 4Tec SCIC/ChallengerTower&230 Output Sleeve Seal 420630550 SBT,SBT,0,95087.0,,5.8,11.83,11.83,11.83
SD513115672,41-112-14,41-112-14-SB,disable,50,Sea-Doo GTI SE 155/GTX Wake/Utopia/Islandia Output Sleeve Seal 420630550 SBT,SBT,0,95088.0,,5.8,11.83,11.83,11.83
SD77365,41-112-27,41-112-27-SB,disable,50,Sea-Doo GTX 4 Tec/RXP & SC/Speedster Dip Stick Seal 420950810 SBT 41-112-27,SBT,0,82363.0,,3.7,9.8,9.8,9.8
SD77366,41-112-27,41-112-27-SB,disable,50,Sea-Doo Sportster 4 Tec/GTX SC & LTD SC Dip Stick Seal 420950810 SBT 41-112-27,SBT,0,82364.0,,3.7,9.8,9.8,9.8
SD77368,41-112-30,41-112-30-SB,disable,50,Sea-Doo GTX 2003-2005 Oil Pump Gasket 420950970  SBT 41-112-30,SBT,0,82366.0,,5.1,11.12,11.12,11.12
SD77313,41-113-30,41-113-30-SB,disable,50,Sea-Doo GTX SC/LTD SC/RXP SC/RXP/RXT Oil Pump ORing 420631480 SBT 41-113-30,SBT,0,82311.0,,4.45,10.5,10.5,10.5
SD77314,41-113-30,41-113-30-SB,disable,50,Sea-Doo Speedster SC/Sportster SCIC/GTX Oil Pump ORing 420631480 SBT 41-113-30,SBT,0,82312.0,,4.45,10.5,10.5,10.5
SD77299,41-114-29,41-114-29-SB,disable,50,Sea-Doo Crankshaft Position Sensor O-Ring 2014-17 - Spark/HO SBT 41-114-29,SBT,0,82297.0,,4.95,10.95,10.95,10.95
SD77296,41-115-26,41-115-26-SB,disable,50,Sea-Doo Spark HO Oil FIlter Tube O-Ring 420430440 SBT 41-115-26,SBT,0,82294.0,,1.95,7.91,7.91,7.91
SD77195,41-115-27,41-115-27-SB,disable,50,Sea-Doo Oil Lever Tube O'Ring - 420431790 SBT 41-115-27,SBT,0,82193.0,,4.1,10.17,10.17,10.17
SD77303,41-115-46,41-115-46-SB,disable,50,Sea-doo Water Pump Gasket for Spark  GTI/GTR/GTS - 420431680 SBT 41-115-46,SBT,0,82301.0,,4.75,10.35,10.35,10.35
SD77390,41-201-02,41-201-02-SB,disable,50,Kawasaki JS/SX 1977-1992 Intake Manifold Gasket 11009-3785 SBT 41-201-02,SBT,0,82388.0,,1.15,7.41,7.41,6.99
SD77389,41-201-03,41-201-03-SB,disable,50,Kawasaki JS 11009-3779 1977-1995 Exhaust Manifold Gasket  SBT 41-201-03,SBT,0,82387.0,,5.1,11.12,11.12,11.12
SD77394,41-201-04,41-201-04-SB,disable,50,Kawasaki 440 JS/SX 11060-3710 1977-1992 Head Pipe Gasket  SBT 41-201-04,SBT,0,82392.0,,4.45,10.5,10.5,10.5
SD77411,41-202-18,41-202-18-SB,disable,50,Kawasaki 550 JS 1982-1986 Exhaust Pipe 2 Gasket 11060-3728 SBT 41-202-18,SBT,0,82409.0,,5.1,11.12,11.12,11.12
SD77385,41-202A-04,41-202A-04-SB,disable,50,Kawasaki JS 550 Exhaust Pipe Gasket 11009-3726 11060-3742 SBT 41-202A-04,SBT,0,82383.0,,5.1,11.12,11.12,11.12
SD77412,41-202A-16,41-202A-16-SB,disable,50,Kawasaki JS 550 1982-1990 Exhaust Pipe 1 Gasket  11060-3727 SBT 41-202A-16,SBT,0,82410.0,,7.45,13.57,13.57,13.57
SD77391,41-202C-02B,41-202C-02B-SB,disable,50,Kawasaki JS 550 1991-95 Reed Gasket 11009-3787 SBT 41-202C-02B,SBT,0,82389.0,,3.7,9.8,9.8,9.8
SD77386,41-203-02A,41-203-02A-SB,disable,50,Kawasaki X2/SX/JetMate/TS/SC 1986-1995 Reed Gasket 11009-3703  SBT 41-203-02A,SBT,0,82384.0,,1.15,7.41,7.41,6.99
SD77393,41-203-02B,41-203-02B-SB,disable,50,Kawasaki X2/SX/JetMate/TS/SC 1986-1995 Reed Gasket  11060-3703 SBT 41-203-02B,SBT,0,82391.0,,1.15,7.41,7.41,6.99
SD77404,41-203-12,41-203-12-SB,disable,50,Kawasaki X2/SX/JetMate/TS/SC/SS/SXI Case Drain Gasket 11060-3723 SBT 41-203-12,SBT,0,82402.0,,0.75,6.67,6.67,6.33
SD77400,41-205A-02,41-205A-02-SB,disable,50,Kawasaki SS/SX/SSXI/ST/SXI/XI/XIR Reed Gasket 11060-3717 SBT 41-205A-02,SBT,0,82398.0,,2.2,8.019999999999998,8.019999999999998,8.019999999999998
SD77401,41-205A-02,41-205A-02-SB,disable,50,Kawasaki ZXI/STX/Ultra/STS/STX R Reed Gasket 11060-3717 SBT 41-205A-02,SBT,0,82399.0,,2.2,8.019999999999998,8.019999999999998,8.019999999999998
SD77395,41-205A-04,41-205A-04-SB,disable,50,Kawasaki 750 SS/SX/SSXI/ST/SXI 92-95 Head Pipe Gasket 11060-3712 SBT 41-205A-04,SBT,0,82393.0,,5.1,11.12,11.12,11.12
SD77403,41-205C-04A,41-205C-04A-SB,disable,50,Kawasaki SS/SX/SSXI/ST/SXI 1992-95 Head Pipe Gasket 11060-3720 SBT 41-205C-04A,SBT,0,82401.0,,4.8,10.87,10.87,10.87
SD77413,41-205C-04B,41-205C-04B-SB,disable,50,Kawasaki SX/ZXI/XI/XIR/SXI/STX Head Pipe Gasket 11060-3771 SBT 41-205C-04B,SBT,0,82411.0,,4.8,10.87,10.87,10.87
SD77429,41-205E-18,41-205E-18-SB,disable,50,Kawasaki SX/ZXI/XI/XIR/SXI/STS Exhaust Pipe Gasket 2 11060-3770 SBT 41-205E-18,SBT,0,82427.0,,5.8,11.83,11.83,11.83
SD77424,41-207-01,41-207-01-SB,disable,50,Kawasaki 750 800 Carburetor Base Gasket SXIPro/800 SX-R  1060-3761 SBT 41-207-01,SBT,0,82422.0,,2.95,9.02,9.02,9.02
SD77414,41-209-01,41-209-01-SB,disable,50,Kawasaki ZXI/STX/STS Carb Base Gasket 42 mm 11060-3753 SBT 41-209-01,SBT,0,82412.0,,5.8,11.83,11.83,11.83
SD77418,41-209-03,41-209-03-SB,disable,50,Kawasaki ZXI/STX/STS/Ultra 130 Exhaust Manifold Gasket 11060-3756 SBT 41-209-03,SBT,0,82416.0,,3.7,9.8,9.8,9.8
SD77421,41-210-02,41-210-02-SB,disable,50,Kawasaki 1100 ZXI/STX/Ultra 130 Intake Manifold Gasket 11060-3758 SBT 41-210-02,SBT,0,82419.0,,2.2,8.019999999999998,8.019999999999998,8.019999999999998
SD77434,41-211-08,41-211-08-SB,disable,50,Kawasaki Ultra 150/STX/STX R Water Manifold Gasket cooling Rail 11060-3784 SBT,SBT,0,82432.0,,2.95,9.02,9.02,9.02
SD77439,41-211-23,41-211-23-SB,disable,50,Kawasaki 150/STX R/STX 1999-04 Arrestor Ultra Gasket 11061-3704 SBT 41-211-23,SBT,0,82437.0,,2.2,8.019999999999998,8.019999999999998,8.019999999999998
SD77717,41-213-05,41-213-05-SB,disable,50,Kawasaki STX 12 F/STX 15 F 2003-16 Output Cover Oring 92055-3761 SBT 41-213-05,SBT,0,82714.0,,5.1,11.12,11.12,11.12
SD77711,41-213-27,41-213-27-SB,disable,50,Kawasaki STX 12 F/STX 15 F 2003-16 Oil Dip Stick Oring 92055-1150 SBT 41-213-27,SBT,0,82708.0,,2.2,8.019999999999998,8.019999999999998,8.019999999999998
SD77718,41-213-29,41-213-29-SB,disable,50,Kawasaki STX 12 F/STX 15 F 2003-16 Front Cover Oring 92055-3762 SBT 41-213-29,SBT,0,82715.0,,4.45,10.5,10.5,10.5
SD52620,41-216-02,41-216-02-SB,disable,15,"Kawasaki Throttle Body Gasket-Replaces 11061-3767 for Ultra 300X/310 X,LX &R SBT",SBT,0,56432.0,B01LXCJFZ3,5.1,11.11,11.38,10.54
SD77214,41-302-10,41-302-10-SB,disable,50,Polaris Genesis/SLX/Pro 1200/Virage TX Front Seal Gasket 5411524 SBT 41-302-10,SBT,0,82212.0,,5.1,11.12,11.12,11.12
SD77215,41-302-10,41-302-10-SB,disable,50,Polaris SLH/SLT/SL/SLTX/SLTH/SLXH Front Seal Gasket 5411524 SBT 41-302-10,SBT,0,82213.0,,5.1,11.12,11.12,11.12
SD77209,41-302-11,41-302-11-SB,disable,50,Polaris Pro 1200/Virage TX/Freedom Oil Pump ORing 5410613 SBT 41-302-11,SBT,0,82207.0,,1.15,7.41,7.41,6.99
SD77210,41-302-11,41-302-11-SB,disable,50,Polaris SL/SLT/SLH/SLTX/SLTH/Genesis/SLXH Oil Pump ORing 5410613 SBT 41-302-11,SBT,0,82208.0,,1.15,7.41,7.41,6.99
SD77637,41-400-02,41-400-02-SB,disable,50,Yamaha WaveRunner/VXR/WaveJammer 88-92 Intake Gasket 6K8-13621 SBT 41-400-02,SBT,0,82634.0,,2.2,8.019999999999998,8.019999999999998,8.019999999999998
SD78085,41-400-05,41-400-05-SB,disable,50,Yamaha WaveJammer/WaveRunner/VXR Flywheel Cover Gasket 6K8-81365 SBT 41-400-05,SBT,0,83081.0,,7.45,13.57,13.57,13.57
SD77727,41-400-10,41-400-10-SB,disable,50,Yamaha WaveJammer WaveRunner &VXR 500 Front Seal  93101-25M50  SBT 41-400-10,SBT,0,82724.0,,7.45,13.57,13.57,13.57
SD77614,41-400-13,41-400-13-SB,disable,50,Yamaha WaveJammer/WaveRunner/VXR  Thermost Cover Gasket 655-12414 SBT 41-400-13,SBT,0,82611.0,,2.95,9.02,9.02,9.02
SD77650,41-400-15,41-400-15-SB,disable,50,Yamaha WaveJammer/WaveRunner/VXR Oil Seal Housing Gasket 6K8-45113 SBT 41-400-15,SBT,0,82647.0,,7.45,13.57,13.57,13.57
SD77642,41-400-16,41-400-16-SB,disable,50,Yamaha WaveJammer/WaveRunner/VXR Muffler Damper1 Gasket 6K8-14739 SBT 41-400-16,SBT,0,82639.0,,3.7,9.8,9.8,9.8
SD77643,41-400-17,41-400-17-SB,disable,50,Yamaha WaveJammer/Runner/VXR Muffler Damper 2 Gasket 6K8-14749 SBT 41-400-17,SBT,0,82640.0,,3.7,9.8,9.8,9.8
SD77644,41-400-18,41-400-18-SB,disable,50,Yamaha WaveJammer/WaveRunner/VXR 88-92 Silencer Gasket 6K8-14755 SBT 41-400-18,SBT,0,82641.0,,3.7,9.8,9.8,9.8
SD77645,41-400-19,41-400-19-SB,disable,50,Yamaha WaveJammer/WaveRunner Upper Case Gasket 6K8-15369-00-00 SBT 41-400-19,SBT,0,82642.0,,5.1,11.12,11.12,11.12
SD77649,41-400-20,41-400-20-SB,disable,50,Yamaha WaveJammer/WaveRunner/VXR Exhaust Cover 1 Gasket 6K8-41124 SBT 41-400-20,SBT,0,82646.0,,2.95,9.02,9.02,9.02
SD77648,41-400-21,41-400-21-SB,disable,50,Yamaha WaveJammer/W.Runner/VXR Exhaust Cover #2 Gasket 6K8-41122 SBT 41-400-21,SBT,0,82645.0,,2.95,9.02,9.02,9.02
SD77654,41-401-02B,41-401-02B-SB,disable,0,Yamaha WaveRunner LX & VXR/Raider Deluxe Lower Manifold Gasket 6M6-13566 SBT,SBT,0,82651.0,,2.95,9.02,9.02,9.02
SD77655,41-401-02C,41-401-02C-SB,disable,0,Yamaha Wave Runner III /Raider Deluxe Reed Gasket 6M6-13621 SBT 41-401-02C,SBT,0,82652.0,,1.15,7.41,7.41,6.99
SD77656,41-401-02C,41-401-02C-SB,disable,0,Yamaha WaveRunner LX & VXR/SuperJet Reed Gasket 6M6-13621 SBT 41-401-02C,SBT,0,82653.0,,1.15,7.41,7.41,6.99
SD77660,41-401B-18,41-401B-18-SB,disable,0,Yamaha SuperJet/WaveRunnerIII/LX Muffler Damper Gasket 6M6-14739 SBT 41-401B-18,SBT,0,82657.0,,2.95,9.02,9.02,9.02
SD77661,41-401B-18,41-401B-18-SB,disable,0,Yamaha VXR/Blaster/Pro VXR/FX 1 Muffler Damper Gasket 6M6-14739 SBT 41-401B-18,SBT,0,82658.0,,2.95,9.02,9.02,9.02
SD77579,41-402-18,41-402-18-SB,disable,50,Yamaha WaveRaider/Deluxe/700 Muffler Damper Gasket 62T-14739 SBT 41-402-18,SBT,0,82577.0,,3.7,9.8,9.8,9.8
SD77580,41-402-18,41-402-18-SB,disable,0,Yamaha WaveVenture/XL 700   Muffler Damper Gasket 62T-14739 SBT 41-402-18,SBT,0,82578.0,,3.7,8.56,8.56,8.56
SD77587,41-402-19,41-402-19-SB,disable,0,Yamaha Wave Venture/Wave Raider Outer Cover 2 Gasket 62T-41124 SBT 41-402-19,SBT,0,82585.0,,2.95,7.83,7.83,7.83
SD77588,41-402-19,41-402-19-SB,disable,0,Yamaha XL700/Wave Raider Deluxe Outer Cover 2 Gasket 62T-41124 SBT 41-402-19,SBT,0,82586.0,,2.95,7.83,7.83,7.83
SD77563,41-402A-02A,41-402A-02A-SB,disable,50,Yamaha Wave Blaster/FX-1/VXR Pro Top Manifold Gasket 61X-13563 SBT 41-402A-02A,SBT,0,82561.0,,2.65,8.42,8.42,8.42
SD77564,41-402A-02A,41-402A-02A-SB,disable,50,Yamaha Wave Runner 3 GP/Superjet/Wave Raider Top Manifold Gasket 61X-13563 SBT,SBT,0,82562.0,,2.65,8.42,8.42,8.42
SD77565,41-402A-02B,41-402A-02B-SB,disable,50,Yamaha WaveBlaster/FX-1/VXR Pro Lower Manifold Gasket 61X-13566 SBT 41-402A-02B,SBT,0,82563.0,,2.65,8.42,8.42,8.42
SD77566,41-402A-02B,41-402A-02B-SB,disable,50,Yamaha WaveRunner 3 GP/Superjet Lower Manifold Gasket 61X-13566 SBT 41-402A-02B,SBT,0,82564.0,,2.65,8.42,8.42,8.42
SD77567,41-402A-02C,41-402A-02C-SB,disable,50,Yamaha Wave Blaster/FX-1/VXR Pro/Superjet Reed Gasket 61X-13621 SBT 41-402A-02C,SBT,0,82565.0,,0.95,6.91,6.91,6.52
SD77568,41-402A-02C,41-402A-02C-SB,disable,50,Yamaha Wave Runner 3 GP/Wave Raider Reed Gasket 61X-13621 SBT 41-402A-02C,SBT,0,82566.0,,0.95,6.91,6.91,6.52
SD77665,41-402A-04,41-402A-04-SB,disable,50,Yamaha Superjet/Wave Runner 3 Muffler Damper 2 Gasket 6R7-14749 SBT 41-402A-04,SBT,0,82662.0,,2.95,9.02,9.02,9.02
SD77666,41-402A-04,41-402A-04-SB,disable,50,Yamaha Wave Blaster/FX-1/VXR/VXR Pro/LX Muffler Damper 2 Gasket 6R7-14749 SBT,SBT,0,82663.0,,2.95,9.02,9.02,9.02
SD77573,41-402B-02B,41-402B-02B-SB,disable,50,Yamaha Wave Raider & Deluxe/Wave Blaster Reed Gasket 62T-13566-00-00 SBT,SBT,0,82571.0,,2.95,9.02,9.02,9.02
SD77574,41-402B-02B,41-402B-02B-SB,disable,50,Yamaha XL700/Wave Venture/SuperJet Reed Gasket 62T-13566-00-00 SBT 41-402B-02B,SBT,0,82572.0,,2.95,9.02,9.02,9.02
SD77585,41-403-19,41-403-19-SB,disable,0,Yamaha Blaster 2/Wave Raider 760 Outer Cover 2 Gasket 62T-41124 SBT 41-403-19,SBT,0,82583.0,,2.95,7.83,7.83,7.83
SD77586,41-403-19,41-403-19-SB,disable,0,Yamaha GP760/WaveVenture 760/XL760 Outer Cover 2 Gasket 62T-41124 SBT 41-403-19,SBT,0,82584.0,,2.95,7.83,7.83,7.83
SD77610,41-403-25,41-403-25-SB,disable,50,Yamaha Blaster 2/Wave Venture 760  Exhaust Pipe Gasket 64X-14623 SBT 41-403-25,SBT,0,82608.0,,5.1,11.12,11.12,11.12
SD77611,41-403-25,41-403-25-SB,disable,50,Yamaha Wave Raider-GP-XL 760  Exhaust Pipe Gasket 64X-14623 SBT 41-403-25,SBT,0,82609.0,,5.1,11.12,11.12,11.12
SD77592,41-404-02B,41-404-02B-SB,disable,0,Yamaha Wave Raider/Exciter/Wave Venture Reed Gasket 63M-13566 SBT 41-404-02B,SBT,0,82590.0,,5.1,11.15,11.95,10.95
SD77593,41-404-23,41-404-23-SB,disable,50,Yamaha Wave Raider-Venture/Exciter FlameArrestor Gasket 63M-13674 SBT 41-404-23,SBT,0,82591.0,,1.15,7.41,7.41,6.99
SD77615,41-405-23,41-405-23-SB,disable,50,Yamaha GP-XL-XLT 1200/LS-LX 2000/SUV/Exciter SE-270 Flame Arrestor Gasket  SBT,SBT,0,82612.0,,4.45,10.5,10.5,10.5
SD77623,41-406-05,41-406-05-SB,disable,50,Yamaha GP-XL-XLT800/GP800R Flywheel Cover Gasket 66E-81337-11-8P  SBT 41-406-05,SBT,0,82620.0,,6.6,12.88,12.88,12.88
SD77769,41-406-23,41-406-23-SB,disable,50,Yamaha GP-XL800&1200/GP800R-1200R/XLT800-1200 Arrestor ORing 66E-13473-00-00 SBT,SBT,0,82766.0,,3.7,9.8,9.8,9.8
SD77621,41-406-25,41-406-25-SB,disable,50,Yamaha GP800/XL800/GP800R/XLT800 Exhaust Pipe 66E-14623-00-00 SBT 41-406-25,SBT,0,82618.0,,2.2,8.019999999999998,8.019999999999998,8.019999999999998
SD8510,41-407-19,41-407-19-SB,disable,139,Yamaha Outer Cover Gasket XL & XLT1200/GP1200R /GP1300R&NPV  66V-41124-00-00 SBT,SBT,0,41668.0,,12.6,21.06,21.06,21.06
SD8189,41-410-02,41-410-02-SB,disable,139,Yamaha Intake Seal 05-08 VX 110 Deluxe & Sport  6D3-14457-00-00  SBT 41-410-02,SBT,0,41642.0,,14.8,24.75,24.75,24.75
SD9693,41-412-14,41-412-14-SB,disable,140,Yamaha Flywheel ORing FX Cruiser SuperHO/FX SuperHO/FZR/FZS  6S5-81188-00-00 SBT,SBT,0,41752.0,,17.05,28.53,28.53,28.53
SD505696096,41-412-14,41-412-14-SB,disable,140,Yamaha Flywheel ORing Wave Runner VXR VXS & FX CRUISER SHO   6S5-81188-00-00 SBT,SBT,0,94042.0,,17.05,28.53,28.53,28.53
SD505696343,41-412-14,41-412-14-SB,disable,140,Yamaha Flywheel ORing WaveRunner FX SHO & FX CRUISER HO  6S5-81188-00-00 SBT,SBT,0,94043.0,,17.05,28.53,28.53,28.53
SD505696953,41-412-14,41-412-14-SB,disable,140,Yamaha Flywheel ORing Wave Runner FX HO & FZS   6S5-81188-00-00 SBT 41-412-14,SBT,0,94044.0,,17.05,28.53,28.53,28.53
SD77154,41-412-20,41-412-20-SB,disable,50,Yamaha VX110 Sport 3-Person &Deluxe Earth Plate ORing 93210-60ME8 SBT 41-412-20,SBT,0,82152.0,,3.7,9.8,9.8,9.8
SD77155,41-412-20,41-412-20-SB,disable,50,Yamaha VX1100 SPORT & DELUXE Earth Plate ORing 93210-60ME8 SBT 41-412-20,SBT,0,82153.0,,3.7,9.8,9.8,9.8
SD77166,41-412-39,41-412-39-SB,disable,50,Yamaha FX Cruiser SHO/FX SHO Connector Tube ORing 93210-21631-00 SBT 41-412-39,SBT,0,82164.0,,1.45,7.599999999999999,7.599999999999999,7.21
SD77167,41-412-39,41-412-39-SB,disable,50,Yamaha FX Super HO & Cruiser Connector Tube ORing 93210-21631-00 SBT 41-412-39,SBT,0,82165.0,,1.45,7.599999999999999,7.599999999999999,7.21
SD77170,41-412-46,41-412-46-SB,disable,50,Yamaha Wave Runner FX CRUISER SHO Earth Plate Computer Oring 93210-32172 SBT,SBT,0,82168.0,,1.85,7.639999999999999,7.639999999999999,7.25
SD77171,41-412-46,41-412-46-SB,disable,50,Yamaha Wave Runner FX SHO Earth Plate Computer Oring 93210-32172 SBT 41-412-46,SBT,0,82169.0,,1.85,7.639999999999999,7.639999999999999,7.25
SD9685,41-414-17,41-414-17-SB,disable,140,Yamaha Muffler Damper Gasket FXCRUISERHO/FXHO/WaveRunnerVXR  6BH-14749-00-00 SBT,SBT,0,41751.0,,9.65,17.27,17.27,17.27
SD504761068,41-414-17,41-414-17-SB,disable,140,Yamaha Muffler Damper Gasket Wave Runner VXS & FXCRUISER HO  6BH-14749-00-00 SBT,SBT,0,94021.0,,9.65,17.27,17.27,17.27
SD504761758,41-414-17,41-414-17-SB,disable,140,Yamaha Muffler Damper Gasket Wave Runner FXHO  6BH-14749-00-00 SBT 41-414-17,SBT,0,94022.0,,9.65,17.27,17.27,17.27
SD77379,41-501-01B,41-501-01B-SB,disable,50,Tigershark Barracuda/Daytona/Monte Carlo Carburetor Base Gasket 0624-015 SBT,SBT,0,82377.0,,5.1,11.12,11.12,11.12
SD77380,41-501-23,41-501-23-SB,disable,50,Tigershark Barracuda/Daytona/900 Arrestor Gasket 0673-389 SBT 41-501-23,SBT,0,82378.0,,1.15,7.41,7.41,6.99
SD77381,41-501-23,41-501-23-SB,disable,50,Tigershark Monte Carlo/Montego &DLX/900 Arrestor Gasket 0673-389 SBT 41-501-23,SBT,0,82379.0,,1.15,7.41,7.41,6.99
SD504727329,41-501-23,41-501-23-SB,disable,50,Tigershark Monte Carlo 1000/TS 1000/TS 640  Arrestor Gasket 0673-389 SBT 41-501-23,SBT,0,94013.0,,1.15,7.41,7.41,6.99
SD504646954,41-503-03,41-503-03-SB,disable,140,Tigershark Exhaust Manifold Gasket Daytona 1000/TS1000  3008-407  SBT 41-503-03,SBT,0,94007.0,,11.1,18.63,18.63,18.63
SD77494,41-503-11A,41-503-11A-SB,disable,50,Tigershark 900/Monte Carlo 900-1000 Oil Pump Oring 3008-003 SBT 41-503-11A,SBT,0,82492.0,,1.45,7.599999999999999,7.599999999999999,7.21
SD77495,41-503-11A,41-503-11A-SB,disable,50,Tigershark Daytona 1000/TS 1000 Oil Pump Oring 3008-003 SBT 41-503-11A,SBT,0,82493.0,,1.45,7.599999999999999,7.599999999999999,7.21
SD77502,41-503-11B,41-503-11B-SB,disable,50,Tigershark 900/Monte Carlo 900-1000 Oil Pump ORing 3008-153 SBT 41-503-11B,SBT,0,82500.0,,1.45,7.599999999999999,7.599999999999999,7.21
SD77503,41-503-11B,41-503-11B-SB,disable,50,Tigershark Daytona 1000/TS 1000 Oil Pump ORing 3008-153 SBT 41-503-11B,SBT,0,82501.0,,1.45,7.599999999999999,7.599999999999999,7.21
SD77373,41-503B-25,41-503B-25-SB,disable,50,Tigershark Daytona 1000/TS 1000 97-98 Tail Pipe Gasket 0612-627 SBT 41-503B-25,SBT,0,82371.0,,7.45,13.57,13.57,13.57
SD77374,41-503B-25,41-503B-25-SB,disable,50,Tigershark Monte Carlo 1000 1997-98 Tail Pipe Gasket 0612-627 SBT 41-503B-25,SBT,0,82372.0,,7.45,13.57,13.57,13.57
SD77684,41-600-07,41-600-07-SB,disable,50,Honda F-12/F-12X/R-12/R-12X 2002-06 Intake ORing 91304-HW1-671 SBT 41-600-07,SBT,0,82681.0,,2.95,9.02,9.02,9.02
SD10558,41-600-29,41-600-29-SB,disable,140,Honda Front Cover Gasket F-12/F-12X/R-12/R-12X  11392-HW1-671 SBT 41-600-29,SBT,0,37979.0,,18.55,31.05,31.05,31.05
SD77683,41-600-32,41-600-32-SB,disable,50,Honda F-12/F-12X/R-12/R-12X 2002-06 Intake Oring 91302-PLC-000 SBT 41-600-32,SBT,0,82680.0,,3.7,9.8,9.8,9.8
SD77517,41-600-33,41-600-33-SB,disable,50,Honda F-12/F-12X/R-12/R-12X Spark Plug Hole Seal 30522-PFB-007 SBT 41-600-33,SBT,0,82515.0,,2.95,9.02,9.02,9.02
SD77689,41-600-34,41-600-34-SB,disable,50,Honda F12/F-12X/R12/R12X Oil Pan Relief Valve Oring 91313-MG7-004 SBT 41-600-34,SBT,0,82686.0,,1.85,7.639999999999999,7.639999999999999,7.25
SD77687,41-600-35,41-600-35-SB,disable,50,Honda F-12/F-12X/R-12/R-12X Oil Pan Drain ORing 91309-MBO-003 SBT 41-600-35,SBT,0,82684.0,,1.45,7.599999999999999,7.599999999999999,7.21
SD77680,41-600-37,41-600-37-SB,disable,50,Honda F-12/F-12X/R-12/R-12X Intake Fuel Rail Oring 91301-PLC-000 SBT 41-600-37,SBT,0,82677.0,,1.45,7.599999999999999,7.599999999999999,7.21
SD77679,41-600-40,41-600-40-SB,disable,50,Honda F-12/F-12X/R-12/R-12X 2002-06 Sealing Washer 90406-HW1-670 SBT 41-600-40,SBT,0,82676.0,,1.45,7.599999999999999,7.599999999999999,7.21
SD77471,41-601-16,41-601-16-SB,disable,50,Honda F-12/F-12X/R-12/R-12X 2002-06 Pipe Gasket 18324-HW3-671 SBT 41-601-16,SBT,0,82469.0,,5.1,11.12,11.12,11.12
SD77337,42-101-01,42-101-01-SB,disable,50,Sea-Doo GTS/GTX/SP/SPI/XP/SPX 92-96 Water Jacket O-Ring 420850040 SBT 42-101-01,SBT,0,82335.0,,2.2,8.019999999999998,8.019999999999998,8.019999999999998
SD77914,42-101-03,42-101-03-SB,disable,50,Sea-Doo SP/GT/XP 1989-1991 Base Gasket 420931161 290850775 SBT 42-101-03,SBT,0,82911.0,,3.7,9.8,9.8,9.8
SD81307,42-101-04,42-101-04-SB,disable,50,Sea-Doo GSX RFI/GTXRFI/GTI LERFI/3DRFI Flywheel End Seal 420830749 SBT 42-101-04,SBT,0,86375.0,,5.1,11.75,11.75,11.75
SD77297,42-101-06,42-101-06-SB,disable,50,Sea-Doo Challenger/GSX/GTI/SPX Spark Plug ORing  420430782 SBT 42-101-06,SBT,0,82295.0,,0.75,6.67,6.67,6.33
SD77298,42-101-06,42-101-06-SB,disable,50,Sea-Doo SP/GT/XP/GTS/GTX/SPI/XP800 Spark Plug ORing  420430782 SBT 42-101-06,SBT,0,82296.0,,0.75,6.67,6.67,6.33
SD77362,42-101-08B,42-101-08B-SB,disable,50,Sea-Doo SP/GT/XP/GTS/GTX/SPI/SPX Head Cover ORing 420950320 SBT 42-101-08B,SBT,0,82360.0,,3.7,9.8,9.8,9.8
SD77246,42-101-16,42-101-16-SB,disable,50,Sea-Doo GTS/GTX/SP/SPI/XP/SPX Cover Stud ORing (Sensor) 290430200 SBT 42-101-16,SBT,0,82244.0,,0.75,6.67,6.67,6.33
SD78082,42-102-03,42-102-03-SB,disable,50,Sea-Doo GTS/GTX/SP/SPI/XP/SPX 1992-95 Base Gasket 420931161 SBT 42-102-03,SBT,0,83078.0,,4.8,10.87,10.87,10.87
SD77884,42-105-03,42-105-03-SB,disable,50,Sea-Doo HX/XP/GTI/SPX/GS/GSI/GTS/SP 95-01 Base Gasket 420931400 SBT 42-105-03,SBT,0,82881.0,,4.8,10.87,10.87,10.87
SD77363,42-105-08,42-105-08-SB,disable,50,Sea-Doo HX/XP/GTI/SPX/GS/GSI/GTS/SP Head Cover ORing 420950360 SBT 42-105-08,SBT,0,82361.0,,3.7,9.8,9.8,9.8
SD77885,42-108-03,42-108-03-SB,disable,50,Sea-Doo Base Gasket GSX-Limited 420931682 Year 1997.5 SBT 42-108-03,SBT,0,82882.0,,7.45,13.57,13.57,13.57
SD28920,42-111-03,42-111-03-SB,disable,140,Sea-Doo Base Gasket GTX DI/RXDI/LRV DI/XP DI/Sport LE DI/3D 947DI  420931906 SBT,SBT,0,40776.0,,9.65,17.27,17.27,17.27
SD77187,42-115-06,42-115-06-SB,disable,50,Sea-Doo Spark OE Replacement Connector O'Ring 420631240 SBT 42-115-06,SBT,0,82185.0,,1.45,7.599999999999999,7.599999999999999,7.21
SD77186,42-115-12,42-115-12-SB,disable,50,Sea-Doo Spark Camshaft Housing O'Ring Fits 420431760 SBT 42-115-12,SBT,0,82184.0,,1.45,7.599999999999999,7.599999999999999,7.21
SD77895,42-201-03,42-201-03-SB,disable,50,Kawasaki JS440/440 SX 1977-1992 Base Gasket 11009-3782 SBT 42-201-03,SBT,0,82892.0,,2.95,9.02,9.02,9.02
SD77692,42-201-05,42-201-05-SB,disable,50,Kawasaki JS440/JS550/440 SX 1977-1995 Rear Oil Seal 92049-3005  SBT 42-201-05,SBT,0,82689.0,,3.7,9.8,9.8,9.8
SD29158,42-202B-02,42-202B-02-SB,disable,140,Kawasaki Head Gasket 91-95 JS550 11004-3706  SBT 42-202B-02,SBT,0,39036.0,,14.8,24.75,24.75,24.75
SD77894,42-202B-03,42-202B-03-SB,disable,50,Kawasaki JS550 1991-1995 Base Gasket 11009-3780 SBT 42-202B-03,SBT,0,82891.0,,7.45,13.57,13.57,13.57
SD77696,42-203-05,42-203-05-SB,disable,50,Kawasaki SC/750 SSXI  XI XIR  ZXI ST&STX Rear Oil Seal 92049-3706 SBT 42-203-05,SBT,0,82693.0,,5.8,11.83,11.83,11.83
SD77897,42-209-03,42-209-03-SB,disable,50,Kawasaki 900 ZXI/STX 900/900 STS 1995-04 Base Gasket 11060-3752 SBT 42-209-03,SBT,0,82894.0,,7.45,13.57,13.57,13.57
SD77698,42-209-05A,42-209-05A-SB,disable,50,Kawasaki 900-1100 ZXI & STX/900 STS Rear Outer Seal 92049-3715 SBT 42-209-05A,SBT,0,82695.0,,7.45,13.57,13.57,13.57
SD77699,42-209-05A,42-209-05A-SB,disable,50,Polaris SL 650/SL 750 Rear Outer Seal 92049-3715 SBT 42-209-05A,SBT,0,82696.0,,7.45,13.57,13.57,13.57
SD77700,42-209-05B,42-209-05B-SB,disable,50,Kawasaki 900 STS/1200 STX/Ultra 150 Crank Seal Rear Outer SBT 42-209-05B,SBT,0,82697.0,,7.45,13.57,13.57,13.57
SD77701,42-209-05B,42-209-05B-SB,disable,50,Kawasaki 900-1100 ZXI/900-1100 STX/STX-R Crank Seal Rear Outer SBT 42-209-05B,SBT,0,82698.0,,7.45,13.57,13.57,13.57
SD77702,42-209-05B,42-209-05B-SB,disable,50,Polaris SL 650-750-780/SLT 750-780/SLX780  Crank Seal Rear Outer SBT 42-209-05B,SBT,0,82699.0,,7.45,13.57,13.57,13.57
SD77703,42-209-05B,42-209-05B-SB,disable,50,Sea-Doo GSX-L/GTX-DI/XP LTD- DI/VSP-L Crank Seal Rear Outer SBT 42-209-05B,SBT,0,82700.0,,7.45,13.57,13.57,13.57
SD77704,42-209-05B,42-209-05B-SB,disable,50,Sea-Doo LRV-DI/RX-DI/Sport LE DI/3D 947 DI Crank Seal Rear Outer SBT 42-209-05B,SBT,0,82701.0,,7.45,13.57,13.57,13.57
SD29708,42-211-03,42-211-03-SB,disable,139,Kawasaki Base Gasket  99-04 Ultra 150 /STX-R/STX  11060-3783  SBT 42-211-03,SBT,0,39057.0,,8.15,14.23,14.23,14.23
SD77705,42-211-04,42-211-04-SB,disable,50,Kawasaki Ultra 150/STX-R 1999-02 Front Oil Seal 92049-3728 SBT 42-211-04,SBT,0,82702.0,,5.1,11.12,11.12,11.12
SD27823,42-213-05A,42-213-05A-SB,disable,140,Kawasaki Crankshaft Oil Seal STX-12F/STX-15F/Ultra250X LX & X  92049-3738 SBT,SBT,0,39017.0,,9.65,17.27,17.27,17.27
SD78845,42-213-05A,42-213-05A-SB,disable,140,Kawasaki Crankshaft Oil Seal ULTRA 260LX  92049-3738 SBT 42-213-05A,SBT,0,83916.0,,9.65,17.27,17.27,17.27
SD77708,42-213-05B,42-213-05B-SB,disable,50,Kawasaki STX-12F/STX-15F/Ultra 250X/Ultra LX Crankshaft Oil Seal 92049-3737 SBT,SBT,0,82705.0,,5.1,11.12,11.12,11.12
SD77709,42-213-05B,42-213-05B-SB,disable,50,Kawasaki Ultra 260LX/Ultra 250X Crankshaft Oil Seal 92049-3737 SBT 42-213-05B,SBT,0,82706.0,,5.1,11.12,11.12,11.12
SD77932,42-213-26,42-213-26-SB,disable,50,Kawasaki STX-12F/STX 15-F 2003-08 Case/Oil Pump Dowel Pin ORing  670D-2014 SBT,SBT,0,82929.0,,1.45,7.599999999999999,7.599999999999999,7.21
SD77443,42-213-27,42-213-27-SB,disable,50,Kawasaki STX-12F/STX 15-F 2003-08 Plate Gasket 11061-3728 SBT 42-213-27,SBT,0,82441.0,,1.45,7.599999999999999,7.599999999999999,7.21
SD77720,42-213-28,42-213-28-SB,disable,50,Kawasaki STX-12F/STX 15-F 2003-08 Generator Oil Ring 92055-3769 SBT 42-213-28,SBT,0,82717.0,,1.45,7.599999999999999,7.599999999999999,7.21
SD77931,42-213-29,42-213-29-SB,disable,50,Kawasaki STX-12F/STX-15F Chain Guide Screw Oring 670D-1509 SBT 42-213-29,SBT,0,82928.0,,1.15,7.41,7.41,6.99
SD77631,42-213-31,42-213-31-SB,disable,50,Kawasaki STX-12F/STX-15F 2003-08 Oil Pump Head ORing 670D-1507 SBT 42-213-31,SBT,0,82628.0,,1.85,7.639999999999999,7.639999999999999,7.25
SD77719,42-213-44,42-213-44-SB,disable,50,Kawasaki STX-12F/STX-15F 03-08 Oil Pump Impeller Oring 92055-3764 SBT 42-213-44,SBT,0,82716.0,,2.2,8.019999999999998,8.019999999999998,8.019999999999998
SD77190,42-216-28,42-216-28-SB,disable,50,Kawasaki Generator O-Ring for 300X 310X  92055-1619 SBT 42-216-28,SBT,0,82188.0,,1.45,7.599999999999999,7.599999999999999,7.21
SD77205,42-301-02,42-301-02-SB,disable,50,Polaris SL650 Head Gasket 1992-1995 3240057  SBT 42-301-02,SBT,0,82203.0,,7.45,13.57,13.57,13.57
SD77204,42-301-04,42-301-04-SB,disable,50,Polaris SL 650-750-780/SLT 750-780/SLX Front Oil Seal 3240041 SBT 42-301-04,SBT,0,82202.0,,6.6,12.88,12.88,12.88
SD77212,42-302-05,42-302-05-SB,disable,50,Polaris 700 SLH/700 SLT/SL 700/SL 900 Rear Oil Seal 5411524 SBT 42-302-05,SBT,0,82210.0,,5.8,11.83,11.83,11.83
SD77213,42-302-05,42-302-05-SB,disable,50,Polaris SLTX 1050/SL1050/SLH 700/SLTH 700 Rear Oil Seal 5411524 SBT 42-302-05,SBT,0,82211.0,,5.8,11.83,11.83,11.83
SD77211,42-305-07,42-305-07-SB,disable,50,Polaris Cylinder ORing SL 900 5411044 1996 1997 SBT 42-305-07,SBT,0,82209.0,,2.95,9.02,9.02,9.02
SD77218,42-308-16,42-308-16-SB,disable,50,Polaris Genesis I/VirageI/TXI/MSX 140 Head Stud ORing  5411876 SBT 42-308-16,SBT,0,82216.0,,0.55,6.28,6.28,6.06
SD78020,42-309-07,42-309-07-SB,disable,50,Polaris Cylinder O-Ring MSX140  2003 2004  SBT 42-309-07,SBT,0,83017.0,,7.45,13.57,13.57,13.57
SD8401,42-400-02,42-400-02-SB,disable,139,Yamaha Head Gasket 88-92 WaveJammer&Runner/WaveRunner VXR  6K8-11181-00-00  SBT,SBT,0,41663.0,,13.35,22.32,22.32,22.32
SD77725,42-400-05,42-400-05-SB,disable,50,Yamaha WaveJammer&Runner 500/WaveRunner VXR Coupler Oil Seal 93101-25M38-00 SBT,SBT,0,82722.0,,3.7,9.8,9.8,9.8
SD77726,42-400-05,42-400-05-SB,disable,50,Yamaha WaveRunner 500/WR VXR 500 Coupler Oil Seal 93101-25M38-00 SBT 42-400-05,SBT,0,82723.0,,3.7,9.8,9.8,9.8
SD8326,42-400-18,42-400-18-SB,disable,140,Yamaha Exhaust Inner Gasket WaveJammer & Runner/Waverunner VXR  6K8-41112  SBT,SBT,0,41647.0,,14.8,24.75,24.75,24.75
SD77735,42-401-04,42-401-04-SB,disable,50,Yamaha SuperJet/WaveRunner VXR/Blaster (NON GP) Front Oil Seal  SBT 42-401-04,SBT,0,82732.0,,7.45,13.57,13.57,13.57
SD77736,42-401-04,42-401-04-SB,disable,50,Yamaha WaveRunner LX/WaveRunner III (NON GP) Front Oil Seal  SBT 42-401-04,SBT,0,82733.0,,7.45,13.57,13.57,13.57
SD77939,42-401-08,42-401-08-SB,disable,50,Yamaha WaveRunner 1990-93 Head Cover Gasket LX6M6-11193 SBT 42-401-08,SBT,0,82936.0,,7.45,13.57,13.57,13.57
SD77845,42-408-31,42-408-31-SB,disable,50,Yamaha WaveRunner FX/FX 3 Pass/FX Cruiser Oil Pump ORing 93210-0667-00 SBT,SBT,0,82842.0,,0.75,6.67,6.67,6.33
SD77929,42-408-36,42-408-36-SB,disable,50,Yamaha FX 140/WaveRunner FX Coolant Pipe Gasket 60E-12474-00-00 SBT 42-408-36,SBT,0,82926.0,,0.95,6.91,6.91,6.52
SD77930,42-408-36,42-408-36-SB,disable,50,Yamaha FX 3 Pass/FX Cruiser Coolant Pipe Gasket 60E-12474-00-00 SBT 42-408-36,SBT,0,82927.0,,0.95,6.91,6.91,6.52
SD77917,42-408-37,42-408-37-SB,disable,49,Yamaha FX 140/FX 140Cruiser Tensioner Case Gasket 4FM-12213-00-00 SBT 42-408-37,SBT,0,82914.0,,0.95,6.91,6.91,6.52
SD77918,42-408-37,42-408-37-SB,disable,50,Yamaha WaveRunnerFX/Cruiser Tensioner Case Gasket 4FM-12213-00-00 SBT 42-408-37,SBT,0,82915.0,,0.95,6.91,6.91,6.52
SD77927,42-408-40,42-408-40-SB,disable,50,Yamaha FX 140/FX 140 Cruiser Pressure Control Valve Gasket 60E-12434-00 SBT,SBT,0,82924.0,,1.45,7.599999999999999,7.599999999999999,7.21
SD77928,42-408-40,42-408-40-SB,disable,50,Yamaha WaveRunner FX Cruiser Pressure Control Valve Gasket 60E-12434-00 SBT,SBT,0,82925.0,,1.45,7.599999999999999,7.599999999999999,7.21
SD77560,42-408-41,42-408-41-SB,disable,50,Yamaha FX 3 Pass/FX 140 & Cruiser Oil Collar Gasket 60E-13567-00 SBT 42-408-41,SBT,0,82558.0,,0.95,6.91,6.91,6.52
SD77561,42-408-41,42-408-41-SB,disable,50,Yamaha WaveRunner FX & FX  Oil Collar Gasket 60E-13567-00 SBT 42-408-41,SBT,0,82559.0,,0.95,6.91,6.91,6.52
SD77200,42-412-12,42-412-12-SB,disable,50,Yamaha FX Cruiser SHO/FX SHO/FZS/FZR Water Inlet Gasket 6S5-12517 SBT 42-412-12,SBT,0,82198.0,,7.45,13.57,13.57,13.57
SD77201,42-412-12,42-412-12-SB,disable,50,Yamaha FX Super HO/FX SuperCruiserHO Water Inlet Gasket 6S5-12517 SBT 42-412-12,SBT,0,82199.0,,7.45,13.57,13.57,13.57
SD77162,42-412-26,42-412-26-SB,disable,50,Yamaha FX SHO & Cruiser/FZS/FZR Dowel Pin Oring 93210-11453-00 SBT 42-412-26,SBT,0,82160.0,,1.45,7.599999999999999,7.599999999999999,7.21
SD77163,42-412-26,42-412-26-SB,disable,50,Yamaha FX Super HO & Cruiser Dowel Pin Oring 93210-11453-00 SBT 42-412-26,SBT,0,82161.0,,1.45,7.599999999999999,7.599999999999999,7.21
SD77164,42-412-27,42-412-27-SB,disable,50,Yamaha FX Cruiser SHO/FX SHO Oil Level Plug ORing 93210-12790-00 SBT 42-412-27,SBT,0,82162.0,,1.15,6.94,6.94,6.6
SD77165,42-412-27,42-412-27-SB,disable,50,Yamaha FX Super HO & Cruiser Oil Level Plug ORing 93210-12790-00 SBT 42-412-27,SBT,0,82163.0,,1.15,6.94,6.94,6.6
SD77160,42-412-31,42-412-31-SB,disable,50,Yamaha FX Cruiser SHO/FX SHO Oil Pipe Bolt Gasket 90430-10007-00 SBT 42-412-31,SBT,0,82158.0,,2.4,8.42,8.42,8.42
SD77161,42-412-31,42-412-31-SB,disable,50,Yamaha FX Super HO & Cruiser Oil Pipe Bolt Gasket 90430-10007-00 SBT 42-412-31,SBT,0,82159.0,,2.4,8.42,8.42,8.42
SD77180,42-414-27,42-414-27-SB,disable,50,Yamaha FX CRUISER HO/FX HO Cover Joint Gasket 6BH-1131B-00 SBT 42-414-27,SBT,0,82178.0,,1.45,7.599999999999999,7.599999999999999,7.21
SD77181,42-414-27,42-414-27-SB,disable,50,Yamaha WaveRunner VXR & VXS Cover Joint Gasket 6BH-1131B-00 SBT 42-414-27,SBT,0,82179.0,,1.45,7.599999999999999,7.599999999999999,7.21
SD77506,42-501-04,42-501-04-SB,disable,50,Tigershark Magneto Side Oil Seal 3008-355  SBT 42-501-04,SBT,0,82504.0,,3.7,9.8,9.8,9.8
SD77497,42-501-05A,42-501-05A-SB,disable,50,Tigershark PTO Inner Oil Seal 3008-033 SBT 42-501-05A,SBT,0,82495.0,,5.1,11.12,11.12,11.12
SD77910,42-502-03,42-502-03-SB,disable,50,Tigershark 770 L/TS 770/770R Base Gasket 3008-411 SBT 42-502-03,SBT,0,82907.0,,5.1,11.12,11.12,11.12
SD77911,42-502-03,42-502-03-SB,disable,50,Tigershark Daytona 770/Monte Carlo 770 Base Gasket 3008-411 SBT 42-502-03,SBT,0,82908.0,,5.1,11.12,11.12,11.12
SD77484,42-502-04,42-502-04-SB,disable,50,Tigershark Front Oil Seal 3003-367 SBT 42-502-04,SBT,0,82482.0,,5.1,11.12,11.12,11.12
SD77481,42-502-05A,42-502-05A-SB,disable,50,Tigershark Rear Oil Seal 3002-355 SBT 42-502-05A,SBT,0,82479.0,,5.1,11.12,11.12,11.12
SD28115,42-503-04,42-503-04-SB,disable,140,Tigershark Front Oil Seal Montecarlo&Tigershark 900/TSL &TSR1000  SBT 3008-525,SBT,0,41112.0,,9.65,17.27,17.27,17.27
SD77482,42-503-16,42-503-16-SB,disable,50,Tigershark 900/Monte Carlo 900-1000 Head Stud Oring 3003-227 SBT 42-503-16,SBT,0,82480.0,,1.15,7.41,7.41,6.99
SD77899,42-600-37,42-600-37-SB,disable,50,Honda F-12/F-12X/R-12/R-12X 02-06 Tensioner Gasket 14523-MAL-A00 SBT 42-600-37,SBT,0,82896.0,,1.3,7.17,7.17,6.85
SD77317,45-112-09,45-112-09-SB,disable,50,Sea-Doo Rotary Seal -Water Pump- SBT 45-112-09,SBT,0,82315.0,,13.25,22.15,22.15,22.15
SD517240696,45-115-08,45-115-08-SB,disable,50,Sea-Doo Spark-Spark HO Water Pump-Oil Seal 420931802 SBT 45-115-08,SBT,0,95966.0,,3.15,8.79,8.79,8.79
SD77525,46-112-63,46-112-63-SB,disable,50,Sea-Doo Valve Spring Retainer 420254283 420254281 711254280 SBT 46-112-63,SBT,0,82523.0,,3.33,5.55,5.55,5.55
SD77526,46-112-72,46-112-72-SB,disable,50,Sea-Doo GTX 4 Tec & SC LTD & SC/RXP Valve Stem Seal 420-630-200   SBT 46-112-72,SBT,0,82524.0,,2.28,8.05,8.05,8.05
SD77527,46-112-72,46-112-72-SB,disable,50,Sea-Doo Sportster 4 Tec/4 Tec LTD Valve Stem Seal 420-630-200   SBT 46-112-72,SBT,0,82525.0,,2.28,8.05,8.05,8.05
SD77523,46-112-78,46-112-78-SB,disable,50,Sea-Doo GTX 4 Tec & SC & SC LTD Valve Spring Inner 420-238-280 SBT 46-112-78,SBT,0,82521.0,,3.99,9.63,9.63,9.63
SD77524,46-112-78,46-112-78-SB,disable,50,Sea-Doo Sportster 4 Tec/4 Tec LTD Valve Spring Inner 420-238-280 SBT 46-112-78,SBT,0,82522.0,,3.99,9.63,9.63,9.63
SD00002776,46-112-90,46-112-90SB,disable,0,Sea-Doo GTX-RXP-RXT-GTI-Challenger-Speedster-Sportster Exhaust Manifold 4-Tec,SBT,0,102261.0,,318.9,495.95,495.95,495.95
SD77302,46-115-72,46-115-72-SB,disable,50,Sea-Doo Spark OE Replacement Valve Stem Seal 420431671  SBT 46-115-72,SBT,0,82300.0,,2.91,8.58,8.58,8.58
SD5566,46-213-22,46-213-22-SB,disable,139,Kawasaki Oil Pump Drive Chain STX-12F/STX-15F Jet Ski 03-08  92057-3710 SBT,SBT,0,38544.0,,10.7,17.9,17.9,17.9
SD23897,46-213-34,46-213-34-SB,disable,140,Kawasaki Front Timing Chain Guide STX-12F/STX-15F  03-08  12053-3701 SBT,SBT,0,38927.0,,13.35,22.3,22.3,22.3
SD77545,46-213-78,46-213-78-SB,disable,50,Kawasaki STX-12F/STX-15F 2003-08 Valve Spring Inner 49078-1195 SBT 46-213-78,SBT,0,82543.0,,5.95,11.76,11.76,11.76
SD77691,46-213-79,46-213-79-SB,disable,50,Kawasaki STX-12F/STX-15F 2003-2008 Valve Guide Seal  92049-1509 SBT 46-213-79,SBT,0,82688.0,,2.91,8.58,8.58,8.58
SD77982,46-408-51,46-408-51-SB,disable,50,Yamaha FX/FX HO/VX/V1 Cotter Valve Intake 1HX-12118-00-00 SBT 46-408-51,SBT,0,82979.0,,2.28,8.05,8.05,8.05
SD77900,46-408-53,46-408-53-SB,disable,50,"Yamaha FX/VX/V1 Retainer, Valve Spring Inner 1HX-12117-00-00  SBT 46-408-53",SBT,0,82897.0,,5.68,11.23,11.23,11.23
SD77902,46-408-61,46-408-61-SB,disable,50,"Yamaha VX FX V1 Cotter, Valve Exhaust 1WG-12118-00-00 SBT 46-408-61",SBT,0,82899.0,,3.03,8.66,8.66,8.66
SD77901,46-408-63,46-408-63-SB,disable,50,"Yamaha FX/VX/V1 Retainer, Valve Spring Outer 1WG-12117-00-00  SBT 46-408-63",SBT,0,82898.0,,5.95,11.76,11.76,11.76
SD77912,46-408-64,46-408-64-SB,disable,50,Yamaha Seat Valve Spring Outer 3GM-12126-00-00 SBT 46-408-64,SBT,0,82909.0,,3.99,9.63,9.63,9.63
SD29016,46-408-78,46-408-78-SB,disable,140,Yamaha Intake Center Valve FX140Cruiser/FX 3Pass/FXCruiserHO 4XV-12111-00-00 SBT,SBT,0,42027.0,,11.35,19.0,19.0,19.0
SD77919,46-408-83,46-408-83-SB,disable,50,Yamaha 1L AR 230 HO/SX 230 HO/VX 110 Valve Spring 4XV-12114-00-00 SBT 46-408-83,SBT,0,82916.0,,2.66,8.529999999999998,8.529999999999998,8.529999999999998
SD77920,46-408-83,46-408-83-SB,disable,50,Yamaha FX 140 &HO/FX 140 Cruiser &HO Valve Spring 4XV-12114-00-00 SBT 46-408-83,SBT,0,82917.0,,2.66,8.529999999999998,8.529999999999998,8.529999999999998
SD77547,46-408-89,46-408-89-SB,disable,50,Yamaha 1000cc FX 140 & HO/FX Cruiser & HO Valve Stem Seal Exhaust SBT 46-408-89,SBT,0,82545.0,,1.55,7.09,7.09,6.71
SD77548,46-408-89,46-408-89-SB,disable,50,Yamaha 1000cc SX 230 HO/VX 110 Valve Stem Seal Exhaust SBT 46-408-89,SBT,0,82546.0,,1.55,7.09,7.09,6.71
SD26734,46-410K,46-410K-SB,publish,140,"Yamaha 4-Stroke Timing Chain Assembly - Chain,Guides & Tensioner  46-410K  SBT",SBT,0,41948.0,,162.75,271.4,271.4,271.4
SD27860,46-412-32,46-412-32-SB,disable,0,Yamaha Guide Stopper 08-11 1.8L FXCruiser SHO/FXSHO/FZS/FZR  6S5-12241-00-00 SBT,SBT,0,41988.0,,29.2,48.7,48.7,48.7
SD77159,46-412-36,46-412-36-SB,disable,50,Yamaha FX SHO/FX SHO Cruiser/FZS /FZR Cap Tensioner Case 1.8L 6S5-12215 SBT,SBT,0,82157.0,,3.13,8.79,8.79,8.79
SD77156,46-412-73,46-412-73-SB,disable,50,Yamaha 1.8L SHO/FX SHO/FZS /FZR/VXR/VXS Valve Spring 6S5-12113-00 SBT 46-412-73,SBT,0,82154.0,,7.25,13.05,13.05,13.05
SD77178,46-414-32,46-414-32-SB,disable,50,Yamaha FX HO &Cruiser/VXR 1.8L N/A Guide Stopper 6BH-12241-00-00 SBT 46-414-32,SBT,0,82176.0,,5.95,11.74,11.74,11.74
SD77179,46-414-32,46-414-32-SB,disable,50,Yamaha VXS/FX SHO/FZR/FZS 1.8L N/A Guide Stopper 6BH-12241-00-00 SBT 46-414-32,SBT,0,82177.0,,5.95,11.74,11.74,11.74
SD77463,46-600-73,46-600-73-SB,disable,50,Honda F-12/R-12 2002-06 Valve Spring 14751-MAT-003  SBT 46-600-73,SBT,0,82461.0,,3.53,8.96,8.96,8.96
SD77450,46-600-74,46-600-74-SB,disable,50,Honda F-12/F-12X/R-12/R-12X Intake Valve Guide 12204-HW3-305 SBT 46-600-74,SBT,0,82448.0,,7.25,13.05,13.05,13.05
SD77452,46-600-79,46-600-79-SB,disable,50,Honda F-12/F-12X/R-12/R-12X 02-06 Valve Guide Seal 12209-HW1-671 SBT 46-600-79,SBT,0,82450.0,,5.05,10.67,10.67,10.67
SD77451,46-600-84,46-600-84-SB,disable,50,Honda F-12/F-12X/R-12/R-12X 2002-06 Valve Guide 12205-MAT-305 SBT 46-600-84,SBT,0,82449.0,,5.25,11.07,11.07,11.07
SD77462,46-601-73,46-601-73-SB,disable,50,Honda F-12X/R-12X 2002-06 Turbo Valve Spring 14751-HW3-670 SBT 46-601-73,SBT,0,82460.0,,3.66,9.22,9.22,9.22
SD6077,47-414-0,47-414-0-SB,disable,140,Yamaha Piston & Ring Set 1.8L N/A FX CruiserHO/FXHO/VXR/VXS  6BH-11631-00-B0 SBT,SBT,0,41483.0,,77.95,129.95,129.95,129.95
SD78102,51-102,51-102-SB,disable,50,Sea-Doo 587 White GTS/GTX/SP/SPI/XP/Explorer/SPX Exhaust Gasket Kit SBT 51-102,SBT,0,83098.0,,7.45,13.14,13.14,13.14
SD78099,51-205B,51-205B-SB,disable,50,Kawasaki Exhaust Gasket Kit 750 Xir 1994 SBT 51-205B,SBT,0,83095.0,,8.099999999999998,15.58,15.58,15.58
SD78104,52-105,52-105-SB,disable,50,Sea-Doo 717/720 HX/XP/GTI/Speedster 1995-2001 Intake Gasket Kit SBT 52-105,SBT,0,83100.0,,7.55,13.33,13.33,13.33
SD78105,52-105,52-105-SB,disable,50,Sea-Doo 717/720 Sportster/SPX/GSI/GTS 1995-2001 Intake Gasket Kit SBT 52-105,SBT,0,83101.0,,7.55,13.33,13.33,13.33
SD78107,52-110,52-110-SB,disable,50,Sea-Doo 787 RFI/800 RFI GTX/GSX/GTI LE/3D 1998-05 Intake Gasket Kit  SBT 52-110,SBT,0,83103.0,,6.2,12.09,12.09,12.09
SD78096,52-201,52-201-SB,disable,50,Kawasaki 440/550 JS440/JS550/440 SX 1977-1992 Intake Gasket Kit  SBT 52-201,SBT,0,83092.0,,5.55,11.35,11.35,11.35
SD78093,52-302,52-302-SB,disable,50,Polaris 700/777/800 DI/900/1050/1200/DI SLH/SLT Intake Gasket Kit SBT 52-302,SBT,0,83089.0,,5.55,11.4,11.4,11.4
SD78094,52-302,52-302-SB,disable,50,Polaris 700/777/800 DI/900/1050/1200/SLTX/SL700 & DLX Intake Gasket Kit SBT,SBT,0,83090.0,,5.55,11.4,11.4,11.4
SD78106,52-409,52-409-SB,disable,50,Yamaha Intake Gasket Kit 1300 GP1300R 2003 2004 SBT 52-409,SBT,0,83102.0,,7.55,12.6,12.6,12.6
SD78100,53-302,53-302-SB,disable,0,Polaris 700 SLH/SL 700/SL 900/SLT/SLTX Head O-Ring Kit  SBT 53-302,SBT,0,83096.0,,7.349999999999999,12.69,13.25,12.45
SD78101,53-302,53-302-SB,disable,0,Polaris SL 700 DLX/SL1050/SLT 700/SLTH/SLTX Head O-Ring Kit  SBT 53-302,SBT,0,83097.0,,7.349999999999999,12.69,13.25,12.45
SD26079,60-409-0,60-409-0-SB,disable,0,Yamaha GP1300R PV/NPV Top End Rebuild KIT Piston Ring Gasket Bearing 60-409 SBT,SBT,0,41907.0,,283.75,472.95,472.95,472.95
SD31844,62-203-2,62-203-2-SB,disable,0,Kawasaki Cylinder Exchange Kit 650 X2/650 SX/Jetmate/TS/SC 1986-96 SBT 62-203-2,SBT,0,39130.0,,310.0,458.03,458.03,458.03
SD78201,62-303-1,62-303-1-SB,disable,0,DISCONT...Polaris 750 SL/SLT 1992-1995 Cylinder Exchange Kit SBT 62-303-1,SBT,0,83197.0,,350.0,512.66,512.66,512.66
SD33372,62-306-1,62-306-1-SB,publish,38,DISCONTINUED....Polaris SL1050-SLTX-SLTH-SLXH/SLX Cylinder Exchange KIT piston Bearing Gasket,SBT,0,39668.0,,445.0,684.9,684.9,684.9
SD504191805,62-504-2,62-504-2-SB,publish,68,Tigershark Cylinder/Piston Exchange Kit 1.0 mm Monte Carlo/Daytona 1000cc SBT,SBT,0,93943.0,,549.0,837.35,837.35,837.35
SD31323,63-600,63-600-SB,publish,70,SBT Honda Cylinder Head Exchange Kit 2002-06 F-12 /R-12  63-600,SBT,0,38099.0,,395.0,585.0,585.0,585.0
SD77772,71-501-02,71-501-02-SB,disable,50,Tiger Shark Monte Carlo/Montego &Deluxe 1993-1996 Driveshaft Seal SBT 71-501-02,SBT,0,82769.0,,7.1,12.88,12.88,12.88
SD77773,71-501-02,71-501-02-SB,disable,50,Tiger Shark TS/Daytona/Barracuda 1993-1996 Driveshaft Seal SBT 71-501-02,SBT,0,82770.0,,7.1,12.88,12.88,12.88
SD77879,73-110K,73-110K-SB,disable,50,Sea-Doo OE Replacement Anti Rattle Kit SBT 73-110K,SBT,0,82876.0,,13.4,25.09,25.09,25.09
SD3525,74-105C-08,74-105C,disable,0,"Sea-Doo GSX-XP-GS-GSI-SPX-GSX RFI-GTI-GTI LE RFI Driveshaft 272000096 18"" SBT",SBT,0,40185.0,B00KI3OGXG,113.35,188.95,188.95,188.95
SD2793,74-112-08K,74-112-08K-SB,disable,0,Sea-Doo GTX 4-TEC Driveshaft Kit Bearing 272000185 420832648 SBT 74-112-08K,SBT,0,40076.0,B00KI3OTNI,213.55,355.95,355.95,355.95
SD77264,76-112-08,76-112-08-SB,disable,50,Sea-Doo GTX/RXT/RXT-X/Wake Pro 155-215-260 2009-12 Neoprene Seal  SBT 76-112-08,SBT,0,82262.0,,9.95,16.6,16.6,16.6
SD77878,76-112-10,76-112-10-SB,disable,50,Sea-Doo 2003-2013 Non GTX 4-Tec SC 8mm ID Hole Reducer Yellow  SBT 76-112-10,SBT,0,82875.0,,7.2,12.89,12.89,12.89
SD00212,78-405-10K,78-405-10K-SB,disable,50,Yamaha XL-XLT800-1200/GP800R-1200R-1300R Drive Line Impeller Duct Housing SBT,SBT,0,96002.0,,154.7,257.9,257.9,257.9
SD77871,79-101A-01,79-101A-01-SB,disable,50,Sea-Doo  Protection Hose 271000109 SBT 79-101A-01,SBT,0,82868.0,,5.0,10.76,10.76,10.76
SD77905,79-101B-01,79-101B-01-SB,disable,50,Sea-Doo GT/SP/XP/GTS/GTX/Explorer/SPI Protection Hose 272000041 SBT 79-101B-01,SBT,0,82902.0,,5.35,11.08,11.08,11.08
SD77906,79-101B-01,79-101B-01-SB,disable,50,Sea-Doo SPX/XPI/Speedster/Sportster Protection Hose 272000041 SBT 79-101B-01,SBT,0,82903.0,,5.35,11.08,11.08,11.08
SD77873,79-103B-01,79-103B-01-SB,disable,50,Sea-Doo 1994 1995 Protection Hose  Speedster 272000043 SBT 79-103B-01,SBT,0,82870.0,,5.35,11.08,11.08,11.08
SD77872,79-105B-01,79-105B-01-SB,disable,50,Sea-Doo GSX/GTX/XPL 1997-98 Protection Hose 271000560 SBT 79-105B-01,SBT,0,82869.0,,5.7,11.4,11.4,11.4
SD77864,79-302C-01,79-302C-01-SB,disable,50,Polaris Protection Hose 5411354 SBT 79-302C-01,SBT,0,82861.0,,2.67,8.46,8.46,8.46
SD77862,79-306-01,79-306-01-SB,disable,50,Polaris SL/SLT/SLX/SLH/SLTH/SLTX 96-04 Protection Hose 5411027  SBT 79-306-01,SBT,0,82859.0,,4.35,9.920000000000002,9.920000000000002,9.920000000000002
SD77863,79-306-01,79-306-01-SB,disable,50,Polaris Virage/Freedom/SLXH/PRO 96-04 Protection Hose 5411027  SBT 79-306-01,SBT,0,82860.0,,4.35,9.920000000000002,9.920000000000002,9.920000000000002
SD77192,80-100,80-100-SB,disable,50,SBT Fuel Injector Filter Removal Tool  SBT 80-100,SBT,0,82190.0,,7.599999999999999,13.43,13.43,13.43
SD16661,80-101,80-101-SB,disable,0,SBT Sea-Doo Rotary Degree Timing Wheel 88-05 SP/GT/GSX/GTI  529035607 80-101,SBT,0,40603.0,,10.15,16.95,16.95,16.95
SD77770,80-400-10,80-400-10-SB,disable,50,Yamaha Wave Jammer 500/ Runner 650 LX Spline Drive Shaft Holder  SBT 80-400-10,SBT,0,82767.0,,11.55,19.25,19.25,19.25
SD77983,83-002,83-002-SB,disable,50,Loctite Quickstix 534 Hi-Tack Gasket Dressing (39156)  SBT 83-002,SBT,0,82980.0,,12.85,16.78,16.78,16.78
SD77859,83-003,83-003-SB,disable,50,Loctite 567 Thread Sealant 6 ml 56707 SBT 83-003,SBT,0,82856.0,,6.45,12.61,12.61,12.61
SD77985,83-004,83-004-SB,disable,50,Loctite Quickstix 268 Threadlocker-high strength SBT 83-004,SBT,0,82982.0,,15.15,18.45,18.45,18.45
SD77984,83-005,83-005-SB,disable,50,Loctite Quickstix 248 Threadlocker-medium strength SBT 83-005,SBT,0,82981.0,,14.15,17.45,17.45,17.45
SD11846,85-802,85-802-SB,disable,0,Kawasaki 750 & 900 Clymers Shop Manual W802 Jet Ski 1992-94 85-802 SBT,SBT,0,38077.0,,31.95,42.95,42.95,42.95
SD11852,85-805,85-805-SB,publish,140,Yamaha PWC Clymers Manual 500 & 650 1987-92 W805 85-805 SBT,SBT,0,41006.0,,31.95,42.95,42.95,42.95
SD12941,85-807,85-807-SB,disable,0,Yamaha 4 Stroke Clymers Repair Manual  2002-09 W807 PWC 85-807 SBT,SBT,0,41037.0,,31.95,42.95,42.95,42.95
SD12945,85-809,85-809-SB,disable,0,"DISCONTINUED...Sea-Doo Clymers Repair Manual 587,657/X, 717, 787 W809-03 1988-96  85-809 SBT",SBT,0,39672.0,,31.95,42.95,42.95,42.95
SD12954,85-820,85-820-SB,disable,0,Polaris Clymers Water Vehicles Shop Manual W820 1996-98 PWC 85-820 SBT,SBT,0,38436.0,,31.95,42.95,42.95,42.95
SD77276,BPR7ES,BPR7ES-SB,disable,50,Polaris SL/SLT 1992-1995 Spark plug NKG BPR7ES SBT BPR7ES,SBT,0,82274.0,,2.85,9.01,9.01,9.01
SD77275,BR9ES,BR9ES-SB,disable,50,Kawasaki ZXI/STX/Ultra/STS/STX R Spark Plug NGK BR9ES SBT BR9ES,SBT,0,82273.0,,3.25,9.01,9.01,9.01
SD77282,BR9ES,BR9ES-SB,disable,50,Tigershark Monte Carlo 900 Spark Plug NGK BR9ES SBT BR9ES,SBT,0,82280.0,,3.25,9.01,9.01,9.01
SD77277,CR8EB,CR8EB-SB,disable,50,Sea-Doo NGK Spark Plug CR8EB SBT CR8EB,SBT,0,82275.0,,5.3,11.49,11.49,11.49
SD77336,FST-205,FST-205-SB,disable,50,Sea-Doo 787 951 Small R.A.V.E. Bellow Retention Spring 420838253 SBT FST-205,SBT,0,82334.0,,3.66,9.22,9.22,9.22
SD77690,FST-55K,FST-55K-SB,disable,50,Kawasaki X2/SX/Jet Mate/TS/SC/SS 1986-93 PTO Collar 92027-3713 SBT FST-55K,SBT,0,82687.0,,14.8,24.85,24.85,24.85
SD54202,FSX-05,FSX-05-SB,draft,140,Sea-Doo 4 Str Rod Bolt 420640990 GTX/LTD/RXP/RXT/GTI/Islandia/Utopia FSX-05 SBT,SBT,0,,,6.35,10.81,10.81,10.81
SD77184,FSX-06K,FSX-06K-SB,disable,50,Sea-Doo GTX 4Tec Wake RXP RXT GTI 03-15 Magneto Screw Kit 295501043 SBT FSX-06K,SBT,0,82182.0,,9.95,16.85,16.85,16.85
SD77678,FSX-08,FSX-08-SB,disable,50,Yamaha FX/AR/SX/VX 2002-08 4 Stroke Rod Nut  90179 09379 00 SBT FSX-08,SBT,0,82675.0,,2.37,8.42,8.42,8.42
SD28972,FSX-08K,FSX-08K-SB,disable,139,Yamaha 4 Str Rod Nut Set(Special Shape) FX/AR/SX/VX/AR230 HO/Deluxe  FSX-08K SBT,SBT,0,42021.0,,15.45,25.85,25.85,25.85
SD20828,IMR9D-9H,IMR9D-9H-SB,disable,140,NGK IMR9D-9H Spark Plug Laser Iridium (6544) Fits Honda R-12/ F-12 2003 SBT,SBT,0,36273.0,,17.65,23.55,23.55,23.55
SD77322,PH112B-03,PH112B-03-SB,disable,50,Sea-Doo Challenger/GTI/Islandia/Utopia Oil Pump Cover 420811850  SBT PH112B-03,SBT,0,82320.0,,14.1,23.85,23.85,23.85
SD77323,PH112B-03,PH112B-03-SB,disable,50,Sea-Doo GTX/Sportster/Speedster/RXP/RXT Oil Pump Cover 420811850  SBT PH112B-03,SBT,0,82321.0,,14.1,23.85,23.85,23.85
SD77283,PMR9B,PMR9B-SB,disable,50,Kawasaki 250X/260X/260LX/300X/300LX 07-14 PMR9B Spark Plug 92070-3707 SBT PMR9B,SBT,0,82281.0,,16.45,21.95,21.95,21.95
SD20815,PZFR6H,PZFR6H-SB,disable,0,NGK PZFR6H Spark Plug Laser Platinum (7696) Outboard SBT,SBT,0,36271.0,,15.7,20.95,20.95,20.95
SD23256,PZFR7G-G,PZFR7G-G-SB,disable,140,Kawasaki PZFR7G-G Spark Plug (4253) STX/Ultra 2001-04 Outboard SBT,SBT,0,36359.0,,14.95,21.79,21.79,21.79
SD54063,RD026,RD026-SB,publish,140,Sea-Doo 4-Tec Rod Challenger/RXT/GTI/Islandia/Utopia/RXP SC  420917516 SBT,SBT,0,57763.0,B0193XRTXK,74.34999999999998,123.95,123.95,123.95
SD77280,ZFR4F-11,ZFR4F-11-SB,disable,50,Sea-Doo GTX/RX/LRV/XP/LE DI/3D 2000-06 Spark Plug NGK ZFR4F-11 SBT ZFR4F-11,SBT,0,82278.0,,3.65,10.26,10.26,9.72
